Plate,Repeat,Well,Type,Time,ANTS (Counts)
1,1,A01,M,00:04:18.89,18539
1,2,A01,M,00:05:22.47,18420
1,3,A01,M,00:06:26.00,18805
1,4,A01,M,00:07:29.58,19042
1,5,A01,M,00:08:33.11,18621
1,6,A01,M,00:09:36.68,18868
1,7,A01,M,00:10:40.25,18838
1,8,A01,M,00:11:43.80,18746
1,9,A01,M,00:12:47.39,18682
1,10,A01,M,00:13:50.96,18951
1,1,A02,M,00:04:19.31,16081
1,2,A02,M,00:05:22.88,15117
1,3,A02,M,00:06:26.42,15232
1,4,A02,M,00:07:29.99,14959
1,5,A02,M,00:08:33.52,14942
1,6,A02,M,00:09:37.09,14878
1,7,A02,M,00:10:40.66,14817
1,8,A02,M,00:11:44.21,14776
1,9,A02,M,00:12:47.80,14818
1,10,A02,M,00:13:51.37,14835
1,1,A03,M,00:04:19.72,20184
1,2,A03,M,00:05:23.30,19645
1,3,A03,M,00:06:26.83,19426
1,4,A03,M,00:07:30.41,19360
1,5,A03,M,00:08:33.96,19332
1,6,A03,M,00:09:37.51,19511
1,7,A03,M,00:10:41.08,19275
1,8,A03,M,00:11:44.63,19170
1,9,A03,M,00:12:48.22,19532
1,10,A03,M,00:13:51.79,19455
1,1,A04,M,00:04:20.14,20290
1,2,A04,M,00:05:23.71,19870
1,3,A04,M,00:06:27.25,19872
1,4,A04,M,00:07:30.82,19489
1,5,A04,M,00:08:34.38,19548
1,6,A04,M,00:09:37.92,19651
1,7,A04,M,00:10:41.49,19744
1,8,A04,M,00:11:45.04,19517
1,9,A04,M,00:12:48.63,19618
1,10,A04,M,00:13:52.20,19899
1,1,A05,M,00:04:20.55,19719
1,2,A05,M,00:05:24.13,19845
1,3,A05,M,00:06:27.66,19703
1,4,A05,M,00:07:31.24,19764
1,5,A05,M,00:08:34.79,19663
1,6,A05,M,00:09:38.34,19452
1,7,A05,M,00:10:41.91,19983
1,8,A05,M,00:11:45.46,19474
1,9,A05,M,00:12:49.05,20192
1,10,A05,M,00:13:52.62,19732
1,1,A06,M,00:04:20.97,19660
1,2,A06,M,00:05:24.54,20025
1,3,A06,M,00:06:28.08,19641
1,4,A06,M,00:07:31.65,19607
1,5,A06,M,00:08:35.20,19978
1,6,A06,M,00:09:38.75,19840
1,7,A06,M,00:10:42.32,19949
1,8,A06,M,00:11:45.87,19735
1,9,A06,M,00:12:49.46,19729
1,10,A06,M,00:13:53.03,19722
1,1,A07,M,00:04:21.38,19718
1,2,A07,M,00:05:24.96,19669
1,3,A07,M,00:06:28.49,19494
1,4,A07,M,00:07:32.07,19645
1,5,A07,M,00:08:35.62,19493
1,6,A07,M,00:09:39.17,19533
1,7,A07,M,00:10:42.73,19756
1,8,A07,M,00:11:46.29,19680
1,9,A07,M,00:12:49.88,19535
1,10,A07,M,00:13:53.45,19690
1,1,A08,M,00:04:21.80,19696
1,2,A08,M,00:05:25.37,19868
1,3,A08,M,00:06:28.91,19924
1,4,A08,M,00:07:32.48,20051
1,5,A08,M,00:08:36.03,20074
1,6,A08,M,00:09:39.58,19721
1,7,A08,M,00:10:43.14,20008
1,8,A08,M,00:11:46.70,19838
1,9,A08,M,00:12:50.29,19992
1,10,A08,M,00:13:53.86,19975
1,1,A09,M,00:04:22.21,20027
1,2,A09,M,00:05:25.79,19628
1,3,A09,M,00:06:29.32,19726
1,4,A09,M,00:07:32.90,20116
1,5,A09,M,00:08:36.45,19814
1,6,A09,M,00:09:40.00,20020
1,7,A09,M,00:10:43.55,19966
1,8,A09,M,00:11:47.12,19819
1,9,A09,M,00:12:50.71,19943
1,10,A09,M,00:13:54.28,20103
1,1,A10,M,00:04:22.63,20146
1,2,A10,M,00:05:26.20,19887
1,3,A10,M,00:06:29.74,20054
1,4,A10,M,00:07:33.31,20360
1,5,A10,M,00:08:36.86,20293
1,6,A10,M,00:09:40.41,20160
1,7,A10,M,00:10:43.97,19952
1,8,A10,M,00:11:47.53,19892
1,9,A10,M,00:12:51.12,20277
1,10,A10,M,00:13:54.69,20155
1,1,A11,M,00:04:23.04,19959
1,2,A11,M,00:05:26.62,20008
1,3,A11,M,00:06:30.15,19924
1,4,A11,M,00:07:33.73,20029
1,5,A11,M,00:08:37.28,20077
1,6,A11,M,00:09:40.83,20074
1,7,A11,M,00:10:44.38,20089
1,8,A11,M,00:11:47.95,19894
1,9,A11,M,00:12:51.54,20231
1,10,A11,M,00:13:55.11,20177
1,1,A12,M,00:04:23.46,20209
1,2,A12,M,00:05:27.03,20033
1,3,A12,M,00:06:30.57,19782
1,4,A12,M,00:07:34.14,19869
1,5,A12,M,00:08:37.69,20020
1,6,A12,M,00:09:41.24,19879
1,7,A12,M,00:10:44.80,20024
1,8,A12,M,00:11:48.36,19783
1,9,A12,M,00:12:51.95,19744
1,10,A12,M,00:13:55.52,20025
1,1,B01,M,00:04:26.31,18730
1,2,B01,M,00:05:29.88,18944
1,3,B01,M,00:06:33.42,19116
1,4,B01,M,00:07:36.99,19396
1,5,B01,M,00:08:40.55,19427
1,6,B01,M,00:09:44.10,19577
1,7,B01,M,00:10:47.65,19343
1,8,B01,M,00:11:51.22,19614
1,9,B01,M,00:12:54.81,19511
1,10,B01,M,00:13:58.38,19654
1,1,B02,M,00:04:26.73,19350
1,2,B02,M,00:05:30.30,19430
1,3,B02,M,00:06:33.84,19329
1,4,B02,M,00:07:37.40,19623
1,5,B02,M,00:08:40.96,19583
1,6,B02,M,00:09:44.51,19807
1,7,B02,M,00:10:48.06,19852
1,8,B02,M,00:11:51.63,19744
1,9,B02,M,00:12:55.22,19631
1,10,B02,M,00:13:58.79,19910
1,1,B03,M,00:04:27.14,20141
1,2,B03,M,00:05:30.71,20053
1,3,B03,M,00:06:34.25,19721
1,4,B03,M,00:07:37.82,19566
1,5,B03,M,00:08:41.38,19556
1,6,B03,M,00:09:44.92,19874
1,7,B03,M,00:10:48.48,19627
1,8,B03,M,00:11:52.05,19980
1,9,B03,M,00:12:55.64,19680
1,10,B03,M,00:13:59.21,19876
1,1,B04,M,00:04:27.56,19723
1,2,B04,M,00:05:31.13,19731
1,3,B04,M,00:06:34.67,19715
1,4,B04,M,00:07:38.24,19648
1,5,B04,M,00:08:41.79,19884
1,6,B04,M,00:09:45.33,19803
1,7,B04,M,00:10:48.89,19964
1,8,B04,M,00:11:52.46,20194
1,9,B04,M,00:12:56.05,20006
1,10,B04,M,00:13:59.62,19837
1,1,B05,M,00:04:27.97,19881
1,2,B05,M,00:05:31.54,19770
1,3,B05,M,00:06:35.08,20034
1,4,B05,M,00:07:38.65,20189
1,5,B05,M,00:08:42.21,19964
1,6,B05,M,00:09:45.75,20078
1,7,B05,M,00:10:49.31,20043
1,8,B05,M,00:11:52.88,20205
1,9,B05,M,00:12:56.47,19946
1,10,B05,M,00:14:00.04,20115
1,1,B06,M,00:04:28.39,20656
1,2,B06,M,00:05:31.96,20136
1,3,B06,M,00:06:35.50,19821
1,4,B06,M,00:07:39.06,20020
1,5,B06,M,00:08:42.62,19901
1,6,B06,M,00:09:46.17,20071
1,7,B06,M,00:10:49.72,19890
1,8,B06,M,00:11:53.29,20246
1,9,B06,M,00:12:56.88,20046
1,10,B06,M,00:14:00.45,20358
1,1,B07,M,00:04:28.80,20608
1,2,B07,M,00:05:32.37,19898
1,3,B07,M,00:06:35.91,20258
1,4,B07,M,00:07:39.48,20189
1,5,B07,M,00:08:43.04,19830
1,6,B07,M,00:09:46.58,20023
1,7,B07,M,00:10:50.14,20154
1,8,B07,M,00:11:53.71,19991
1,9,B07,M,00:12:57.30,20207
1,10,B07,M,00:14:00.87,20297
1,1,B08,M,00:04:29.22,20513
1,2,B08,M,00:05:32.79,20385
1,3,B08,M,00:06:36.33,20254
1,4,B08,M,00:07:39.89,20462
1,5,B08,M,00:08:43.45,20243
1,6,B08,M,00:09:46.99,20135
1,7,B08,M,00:10:50.55,20531
1,8,B08,M,00:11:54.12,20307
1,9,B08,M,00:12:57.71,20589
1,10,B08,M,00:14:01.28,20241
1,1,B09,M,00:04:29.63,20857
1,2,B09,M,00:05:33.20,20331
1,3,B09,M,00:06:36.74,20381
1,4,B09,M,00:07:40.31,20536
1,5,B09,M,00:08:43.87,20328
1,6,B09,M,00:09:47.41,20441
1,7,B09,M,00:10:50.97,20546
1,8,B09,M,00:11:54.54,20377
1,9,B09,M,00:12:58.13,20532
1,10,B09,M,00:14:01.70,20619
1,1,B10,M,00:04:30.05,20463
1,2,B10,M,00:05:33.62,20020
1,3,B10,M,00:06:37.16,19902
1,4,B10,M,00:07:40.72,19823
1,5,B10,M,00:08:44.28,19932
1,6,B10,M,00:09:47.82,19982
1,7,B10,M,00:10:51.38,20316
1,8,B10,M,00:11:54.95,20348
1,9,B10,M,00:12:58.54,20153
1,10,B10,M,00:14:02.11,20564
1,1,B11,M,00:04:30.46,20359
1,2,B11,M,00:05:34.03,20010
1,3,B11,M,00:06:37.57,20194
1,4,B11,M,00:07:41.14,19897
1,5,B11,M,00:08:44.70,19860
1,6,B11,M,00:09:48.24,20048
1,7,B11,M,00:10:51.80,19868
1,8,B11,M,00:11:55.37,20219
1,9,B11,M,00:12:58.96,20144
1,10,B11,M,00:14:02.53,20234
1,1,B12,M,00:04:30.88,19993
1,2,B12,M,00:05:34.45,19931
1,3,B12,M,00:06:37.99,20165
1,4,B12,M,00:07:41.55,20173
1,5,B12,M,00:08:45.11,20153
1,6,B12,M,00:09:48.65,20094
1,7,B12,M,00:10:52.21,20286
1,8,B12,M,00:11:55.78,20060
1,9,B12,M,00:12:59.37,19773
1,10,B12,M,00:14:02.94,20347
1,1,C01,M,00:04:33.73,14179
1,2,C01,M,00:05:37.30,13726
1,3,C01,M,00:06:40.84,13743
1,4,C01,M,00:07:44.41,13471
1,5,C01,M,00:08:47.97,13552
1,6,C01,M,00:09:51.51,13752
1,7,C01,M,00:10:55.07,13478
1,8,C01,M,00:11:58.64,13527
1,9,C01,M,00:13:02.23,13543
1,10,C01,M,00:14:05.79,13525
1,1,C02,M,00:04:34.14,19605
1,2,C02,M,00:05:37.71,20153
1,3,C02,M,00:06:41.25,20038
1,4,C02,M,00:07:44.82,20319
1,5,C02,M,00:08:48.38,19895
1,6,C02,M,00:09:51.92,20153
1,7,C02,M,00:10:55.48,20024
1,8,C02,M,00:11:59.07,19928
1,9,C02,M,00:13:02.64,20145
1,10,C02,M,00:14:06.21,20107
1,1,C03,M,00:04:34.56,20319
1,2,C03,M,00:05:38.13,19436
1,3,C03,M,00:06:41.67,19195
1,4,C03,M,00:07:45.24,19553
1,5,C03,M,00:08:48.79,19840
1,6,C03,M,00:09:52.34,19936
1,7,C03,M,00:10:55.90,20142
1,8,C03,M,00:11:59.49,20188
1,9,C03,M,00:13:03.05,20110
1,10,C03,M,00:14:06.63,20140
1,1,C04,M,00:04:34.97,20959
1,2,C04,M,00:05:38.54,20448
1,3,C04,M,00:06:42.08,20255
1,4,C04,M,00:07:45.65,20144
1,5,C04,M,00:08:49.21,19871
1,6,C04,M,00:09:52.75,19868
1,7,C04,M,00:10:56.31,19890
1,8,C04,M,00:11:59.90,20015
1,9,C04,M,00:13:03.47,20257
1,10,C04,M,00:14:07.04,20069
1,1,C05,M,00:04:35.39,21437
1,2,C05,M,00:05:38.96,20487
1,3,C05,M,00:06:42.50,20179
1,4,C05,M,00:07:46.07,20161
1,5,C05,M,00:08:49.62,19967
1,6,C05,M,00:09:53.17,20423
1,7,C05,M,00:10:56.73,20316
1,8,C05,M,00:12:00.32,20177
1,9,C05,M,00:13:03.88,20024
1,10,C05,M,00:14:07.46,20273
1,1,C06,M,00:04:35.80,21110
1,2,C06,M,00:05:39.37,20417
1,3,C06,M,00:06:42.91,20060
1,4,C06,M,00:07:46.48,20072
1,5,C06,M,00:08:50.04,20096
1,6,C06,M,00:09:53.58,20066
1,7,C06,M,00:10:57.14,20314
1,8,C06,M,00:12:00.73,20441
1,9,C06,M,00:13:04.30,20220
1,10,C06,M,00:14:07.87,20415
1,1,C07,M,00:04:36.22,20296
1,2,C07,M,00:05:39.79,20424
1,3,C07,M,00:06:43.33,20193
1,4,C07,M,00:07:46.90,20154
1,5,C07,M,00:08:50.45,20321
1,6,C07,M,00:09:54.00,20119
1,7,C07,M,00:10:57.56,20493
1,8,C07,M,00:12:01.15,20372
1,9,C07,M,00:13:04.71,20275
1,10,C07,M,00:14:08.29,20501
1,1,C08,M,00:04:36.63,19862
1,2,C08,M,00:05:40.20,20047
1,3,C08,M,00:06:43.74,20001
1,4,C08,M,00:07:47.31,20248
1,5,C08,M,00:08:50.86,20315
1,6,C08,M,00:09:54.41,20248
1,7,C08,M,00:10:57.97,20532
1,8,C08,M,00:12:01.56,20585
1,9,C08,M,00:13:05.13,20400
1,10,C08,M,00:14:08.70,20298
1,1,C09,M,00:04:37.05,20657
1,2,C09,M,00:05:40.61,20285
1,3,C09,M,00:06:44.16,20337
1,4,C09,M,00:07:47.73,20110
1,5,C09,M,00:08:51.28,20152
1,6,C09,M,00:09:54.83,20149
1,7,C09,M,00:10:58.39,20328
1,8,C09,M,00:12:01.98,20201
1,9,C09,M,00:13:05.54,20274
1,10,C09,M,00:14:09.12,20310
1,1,C10,M,00:04:37.46,20876
1,2,C10,M,00:05:41.03,20174
1,3,C10,M,00:06:44.57,20294
1,4,C10,M,00:07:48.14,20196
1,5,C10,M,00:08:51.69,20269
1,6,C10,M,00:09:55.24,20128
1,7,C10,M,00:10:58.80,20415
1,8,C10,M,00:12:02.39,20386
1,9,C10,M,00:13:05.96,20453
1,10,C10,M,00:14:09.53,20533
1,1,C11,M,00:04:37.88,20396
1,2,C11,M,00:05:41.45,20389
1,3,C11,M,00:06:44.99,20396
1,4,C11,M,00:07:48.56,20440
1,5,C11,M,00:08:52.10,20129
1,6,C11,M,00:09:55.66,20073
1,7,C11,M,00:10:59.22,20566
1,8,C11,M,00:12:02.81,20139
1,9,C11,M,00:13:06.37,20421
1,10,C11,M,00:14:09.95,20260
1,1,C12,M,00:04:38.29,19950
1,2,C12,M,00:05:41.86,20289
1,3,C12,M,00:06:45.40,20131
1,4,C12,M,00:07:48.97,20395
1,5,C12,M,00:08:52.52,20397
1,6,C12,M,00:09:56.07,20193
1,7,C12,M,00:10:59.63,20372
1,8,C12,M,00:12:03.22,20324
1,9,C12,M,00:13:06.79,20191
1,10,C12,M,00:14:10.36,20544
1,1,D01,M,00:04:41.14,19866
1,2,D01,M,00:05:44.71,19340
1,3,D01,M,00:06:48.26,19652
1,4,D01,M,00:07:51.83,19268
1,5,D01,M,00:08:55.37,19449
1,6,D01,M,00:09:58.93,19327
1,7,D01,M,00:11:02.49,19349
1,8,D01,M,00:12:06.08,19332
1,9,D01,M,00:13:09.64,19560
1,10,D01,M,00:14:13.21,19335
1,1,D02,M,00:04:41.56,20661
1,2,D02,M,00:05:45.13,19957
1,3,D02,M,00:06:48.67,19619
1,4,D02,M,00:07:52.24,20098
1,5,D02,M,00:08:55.78,20089
1,6,D02,M,00:09:59.34,19886
1,7,D02,M,00:11:02.90,19815
1,8,D02,M,00:12:06.49,19724
1,9,D02,M,00:13:10.05,19792
1,10,D02,M,00:14:13.62,19873
1,1,D03,M,00:04:41.97,20910
1,2,D03,M,00:05:45.54,19905
1,3,D03,M,00:06:49.09,19799
1,4,D03,M,00:07:52.65,19645
1,5,D03,M,00:08:56.20,19941
1,6,D03,M,00:09:59.76,19958
1,7,D03,M,00:11:03.32,19645
1,8,D03,M,00:12:06.91,19570
1,9,D03,M,00:13:10.47,20105
1,10,D03,M,00:14:14.04,20211
1,1,D04,M,00:04:42.39,21121
1,2,D04,M,00:05:45.96,21149
1,3,D04,M,00:06:49.50,20779
1,4,D04,M,00:07:53.07,20342
1,5,D04,M,00:08:56.61,20233
1,6,D04,M,00:10:00.17,20350
1,7,D04,M,00:11:03.73,20298
1,8,D04,M,00:12:07.32,20580
1,9,D04,M,00:13:10.90,20708
1,10,D04,M,00:14:14.45,20465
1,1,D05,M,00:04:42.80,21607
1,2,D05,M,00:05:46.37,20175
1,3,D05,M,00:06:49.92,20240
1,4,D05,M,00:07:53.48,20102
1,5,D05,M,00:08:57.03,20184
1,6,D05,M,00:10:00.59,20029
1,7,D05,M,00:11:04.15,20278
1,8,D05,M,00:12:07.74,20347
1,9,D05,M,00:13:11.31,20213
1,10,D05,M,00:14:14.87,20246
1,1,D06,M,00:04:43.22,15097
1,2,D06,M,00:05:46.79,14584
1,3,D06,M,00:06:50.33,14694
1,4,D06,M,00:07:53.90,14221
1,5,D06,M,00:08:57.44,14298
1,6,D06,M,00:10:01.00,14487
1,7,D06,M,00:11:04.56,14422
1,8,D06,M,00:12:08.15,14489
1,9,D06,M,00:13:11.73,14301
1,10,D06,M,00:14:15.28,14281
1,1,D07,M,00:04:43.63,20464
1,2,D07,M,00:05:47.20,20214
1,3,D07,M,00:06:50.75,20610
1,4,D07,M,00:07:54.31,20744
1,5,D07,M,00:08:57.86,20343
1,6,D07,M,00:10:01.42,20552
1,7,D07,M,00:11:04.98,20534
1,8,D07,M,00:12:08.57,20197
1,9,D07,M,00:13:12.14,20594
1,10,D07,M,00:14:15.70,20669
1,1,D08,M,00:04:44.04,21640
1,2,D08,M,00:05:47.62,20825
1,3,D08,M,00:06:51.16,20478
1,4,D08,M,00:07:54.72,20593
1,5,D08,M,00:08:58.27,20653
1,6,D08,M,00:10:01.83,20454
1,7,D08,M,00:11:05.39,20637
1,8,D08,M,00:12:08.98,20403
1,9,D08,M,00:13:12.56,20488
1,10,D08,M,00:14:16.11,20609
1,1,D09,M,00:04:44.46,20119
1,2,D09,M,00:05:48.03,20180
1,3,D09,M,00:06:51.58,20126
1,4,D09,M,00:07:55.13,20405
1,5,D09,M,00:08:58.69,20299
1,6,D09,M,00:10:02.25,20275
1,7,D09,M,00:11:05.81,20582
1,8,D09,M,00:12:09.40,20467
1,9,D09,M,00:13:12.97,20394
1,10,D09,M,00:14:16.53,20646
1,1,D10,M,00:04:44.88,20511
1,2,D10,M,00:05:48.45,20545
1,3,D10,M,00:06:51.99,20498
1,4,D10,M,00:07:55.55,20442
1,5,D10,M,00:08:59.10,20286
1,6,D10,M,00:10:02.66,20535
1,7,D10,M,00:11:06.22,20597
1,8,D10,M,00:12:09.81,20505
1,9,D10,M,00:13:13.39,20869
1,10,D10,M,00:14:16.94,20637
1,1,D11,M,00:04:45.29,20255
1,2,D11,M,00:05:48.86,19898
1,3,D11,M,00:06:52.41,19978
1,4,D11,M,00:07:55.96,20494
1,5,D11,M,00:08:59.52,20296
1,6,D11,M,00:10:03.08,20422
1,7,D11,M,00:11:06.64,20357
1,8,D11,M,00:12:10.23,20360
1,9,D11,M,00:13:13.80,20382
1,10,D11,M,00:14:17.36,20552
1,1,D12,M,00:04:45.70,20151
1,2,D12,M,00:05:49.28,19846
1,3,D12,M,00:06:52.82,20194
1,4,D12,M,00:07:56.38,20166
1,5,D12,M,00:08:59.93,20058
1,6,D12,M,00:10:03.49,20114
1,7,D12,M,00:11:07.05,20383
1,8,D12,M,00:12:10.64,20270
1,9,D12,M,00:13:14.22,20462
1,10,D12,M,00:14:17.77,20378
1,1,E01,M,00:04:48.56,19048
1,2,E01,M,00:05:52.13,18577
1,3,E01,M,00:06:55.68,18350
1,4,E01,M,00:07:59.23,18081
1,5,E01,M,00:09:02.79,17943
1,6,E01,M,00:10:06.35,17906
1,7,E01,M,00:11:09.91,17947
1,8,E01,M,00:12:13.49,18154
1,9,E01,M,00:13:17.07,18020
1,10,E01,M,00:14:20.63,17899
1,1,E02,M,00:04:48.97,17035
1,2,E02,M,00:05:52.54,16225
1,3,E02,M,00:06:56.09,16166
1,4,E02,M,00:07:59.65,16244
1,5,E02,M,00:09:03.20,16196
1,6,E02,M,00:10:06.76,16312
1,7,E02,M,00:11:10.32,16247
1,8,E02,M,00:12:13.91,16490
1,9,E02,M,00:13:17.48,16487
1,10,E02,M,00:14:21.04,16438
1,1,E03,M,00:04:49.39,20449
1,2,E03,M,00:05:52.96,20300
1,3,E03,M,00:06:56.51,20386
1,4,E03,M,00:08:00.06,20449
1,5,E03,M,00:09:03.62,20040
1,6,E03,M,00:10:07.18,20527
1,7,E03,M,00:11:10.74,20332
1,8,E03,M,00:12:14.33,20332
1,9,E03,M,00:13:17.90,20573
1,10,E03,M,00:14:21.46,20429
1,1,E04,M,00:04:49.80,22091
1,2,E04,M,00:05:53.37,21118
1,3,E04,M,00:06:56.92,20743
1,4,E04,M,00:08:00.48,20447
1,5,E04,M,00:09:04.03,20512
1,6,E04,M,00:10:07.59,20258
1,7,E04,M,00:11:11.15,20329
1,8,E04,M,00:12:14.74,20210
1,9,E04,M,00:13:18.31,20443
1,10,E04,M,00:14:21.87,20334
1,1,E05,M,00:04:50.22,21687
1,2,E05,M,00:05:53.79,21308
1,3,E05,M,00:06:57.34,20966
1,4,E05,M,00:08:00.89,20460
1,5,E05,M,00:09:04.45,20111
1,6,E05,M,00:10:08.01,20117
1,7,E05,M,00:11:11.57,20200
1,8,E05,M,00:12:15.16,20373
1,9,E05,M,00:13:18.73,20444
1,10,E05,M,00:14:22.29,20227
1,1,E06,M,00:04:50.63,21155
1,2,E06,M,00:05:54.20,20083
1,3,E06,M,00:06:57.75,20077
1,4,E06,M,00:08:01.31,20343
1,5,E06,M,00:09:04.86,20201
1,6,E06,M,00:10:08.42,20268
1,7,E06,M,00:11:11.98,20618
1,8,E06,M,00:12:15.57,20411
1,9,E06,M,00:13:19.14,20152
1,10,E06,M,00:14:22.70,20382
1,1,E07,M,00:04:51.05,20364
1,2,E07,M,00:05:54.62,20218
1,3,E07,M,00:06:58.17,20588
1,4,E07,M,00:08:01.72,20580
1,5,E07,M,00:09:05.28,20485
1,6,E07,M,00:10:08.84,20384
1,7,E07,M,00:11:12.40,20454
1,8,E07,M,00:12:15.99,20418
1,9,E07,M,00:13:19.56,20676
1,10,E07,M,00:14:23.12,20398
1,1,E08,M,00:04:51.46,20820
1,2,E08,M,00:05:55.03,20387
1,3,E08,M,00:06:58.58,20331
1,4,E08,M,00:08:02.14,20350
1,5,E08,M,00:09:05.69,20462
1,6,E08,M,00:10:09.25,20260
1,7,E08,M,00:11:12.81,20234
1,8,E08,M,00:12:16.40,20443
1,9,E08,M,00:13:19.97,20569
1,10,E08,M,00:14:23.53,20551
1,1,E09,M,00:04:51.88,20767
1,2,E09,M,00:05:55.44,20157
1,3,E09,M,00:06:59.00,20336
1,4,E09,M,00:08:02.55,20264
1,5,E09,M,00:09:06.11,20385
1,6,E09,M,00:10:09.67,20265
1,7,E09,M,00:11:13.23,20438
1,8,E09,M,00:12:16.82,20424
1,9,E09,M,00:13:20.39,20792
1,10,E09,M,00:14:23.95,20388
1,1,E10,M,00:04:52.29,20518
1,2,E10,M,00:05:55.86,20369
1,3,E10,M,00:06:59.41,20322
1,4,E10,M,00:08:02.97,20538
1,5,E10,M,00:09:06.52,20245
1,6,E10,M,00:10:10.08,20477
1,7,E10,M,00:11:13.64,20354
1,8,E10,M,00:12:17.23,20543
1,9,E10,M,00:13:20.80,20492
1,10,E10,M,00:14:24.36,20509
1,1,E11,M,00:04:52.71,20151
1,2,E11,M,00:05:56.27,19898
1,3,E11,M,00:06:59.83,20039
1,4,E11,M,00:08:03.38,20070
1,5,E11,M,00:09:06.94,20077
1,6,E11,M,00:10:10.50,20462
1,7,E11,M,00:11:14.06,20304
1,8,E11,M,00:12:17.65,20458
1,9,E11,M,00:13:21.22,20672
1,10,E11,M,00:14:24.78,20655
1,1,E12,M,00:04:53.12,20404
1,2,E12,M,00:05:56.69,20267
1,3,E12,M,00:07:00.24,20460
1,4,E12,M,00:08:03.80,20544
1,5,E12,M,00:09:07.35,20437
1,6,E12,M,00:10:10.91,20444
1,7,E12,M,00:11:14.47,20305
1,8,E12,M,00:12:18.06,20191
1,9,E12,M,00:13:21.63,20544
1,10,E12,M,00:14:25.19,20668
1,1,F01,M,00:04:55.98,16878
1,2,F01,M,00:05:59.54,16402
1,3,F01,M,00:07:03.10,16121
1,4,F01,M,00:08:06.65,16320
1,5,F01,M,00:09:10.21,16424
1,6,F01,M,00:10:13.77,16244
1,7,F01,M,00:11:17.32,16124
1,8,F01,M,00:12:20.91,16208
1,9,F01,M,00:13:24.49,16378
1,10,F01,M,00:14:28.05,16408
1,1,F02,M,00:04:56.39,21565
1,2,F02,M,00:05:59.95,20203
1,3,F02,M,00:07:03.51,20080
1,4,F02,M,00:08:07.06,19940
1,5,F02,M,00:09:10.62,19998
1,6,F02,M,00:10:14.18,19873
1,7,F02,M,00:11:17.74,19908
1,8,F02,M,00:12:21.33,20247
1,9,F02,M,00:13:24.90,20072
1,10,F02,M,00:14:28.46,20183
1,1,F03,M,00:04:56.81,17887
1,2,F03,M,00:06:00.36,17240
1,3,F03,M,00:07:03.93,17509
1,4,F03,M,00:08:07.48,17452
1,5,F03,M,00:09:11.04,17657
1,6,F03,M,00:10:14.60,17498
1,7,F03,M,00:11:18.15,17613
1,8,F03,M,00:12:21.74,17428
1,9,F03,M,00:13:25.31,17614
1,10,F03,M,00:14:28.88,17574
1,1,F04,M,00:04:57.22,21313
1,2,F04,M,00:06:00.78,20568
1,3,F04,M,00:07:04.34,20650
1,4,F04,M,00:08:07.89,20156
1,5,F04,M,00:09:11.45,20786
1,6,F04,M,00:10:15.01,20590
1,7,F04,M,00:11:18.57,20190
1,8,F04,M,00:12:22.16,20121
1,9,F04,M,00:13:25.73,20577
1,10,F04,M,00:14:29.29,20325
1,1,F05,M,00:04:57.64,22661
1,2,F05,M,00:06:01.19,20772
1,3,F05,M,00:07:04.76,20438
1,4,F05,M,00:08:08.31,20287
1,5,F05,M,00:09:11.87,20102
1,6,F05,M,00:10:15.43,20139
1,7,F05,M,00:11:18.98,20231
1,8,F05,M,00:12:22.58,20221
1,9,F05,M,00:13:26.14,20435
1,10,F05,M,00:14:29.71,20182
1,1,F06,M,00:04:58.05,21170
1,2,F06,M,00:06:01.61,20530
1,3,F06,M,00:07:05.17,20302
1,4,F06,M,00:08:08.72,20331
1,5,F06,M,00:09:12.28,20226
1,6,F06,M,00:10:15.84,20552
1,7,F06,M,00:11:19.40,20411
1,8,F06,M,00:12:22.99,20423
1,9,F06,M,00:13:26.56,20516
1,10,F06,M,00:14:30.12,20447
1,1,F07,M,00:04:58.47,21712
1,2,F07,M,00:06:02.02,20845
1,3,F07,M,00:07:05.59,20395
1,4,F07,M,00:08:09.14,20344
1,5,F07,M,00:09:12.70,20397
1,6,F07,M,00:10:16.26,20260
1,7,F07,M,00:11:19.81,20350
1,8,F07,M,00:12:23.40,20260
1,9,F07,M,00:13:26.97,20115
1,10,F07,M,00:14:30.54,20766
1,1,F08,M,00:04:58.88,21102
1,2,F08,M,00:06:02.43,21121
1,3,F08,M,00:07:06.00,21042
1,4,F08,M,00:08:09.55,20743
1,5,F08,M,00:09:13.11,20669
1,6,F08,M,00:10:16.67,20446
1,7,F08,M,00:11:20.23,20278
1,8,F08,M,00:12:23.82,20451
1,9,F08,M,00:13:27.39,20676
1,10,F08,M,00:14:30.95,20819
1,1,F09,M,00:04:59.30,20640
1,2,F09,M,00:06:02.85,20407
1,3,F09,M,00:07:06.42,20442
1,4,F09,M,00:08:09.97,20949
1,5,F09,M,00:09:13.53,20726
1,6,F09,M,00:10:17.09,20563
1,7,F09,M,00:11:20.64,20770
1,8,F09,M,00:12:24.23,20470
1,9,F09,M,00:13:27.80,20893
1,10,F09,M,00:14:31.37,20457
1,1,F10,M,00:04:59.71,21789
1,2,F10,M,00:06:03.26,21069
1,3,F10,M,00:07:06.83,21077
1,4,F10,M,00:08:10.38,20992
1,5,F10,M,00:09:13.94,20844
1,6,F10,M,00:10:17.50,20838
1,7,F10,M,00:11:21.06,20878
1,8,F10,M,00:12:24.65,20750
1,9,F10,M,00:13:28.22,20879
1,10,F10,M,00:14:31.78,20821
1,1,F11,M,00:05:00.12,20747
1,2,F11,M,00:06:03.68,20305
1,3,F11,M,00:07:07.25,20220
1,4,F11,M,00:08:10.80,20619
1,5,F11,M,00:09:14.36,20341
1,6,F11,M,00:10:17.92,20525
1,7,F11,M,00:11:21.47,20300
1,8,F11,M,00:12:25.07,20690
1,9,F11,M,00:13:28.63,20711
1,10,F11,M,00:14:32.20,20658
1,1,F12,M,00:05:00.54,20636
1,2,F12,M,00:06:04.09,20530
1,3,F12,M,00:07:07.66,20800
1,4,F12,M,00:08:11.21,20294
1,5,F12,M,00:09:14.77,20496
1,6,F12,M,00:10:18.33,20390
1,7,F12,M,00:11:21.89,20709
1,8,F12,M,00:12:25.48,20537
1,9,F12,M,00:13:29.05,20508
1,10,F12,M,00:14:32.61,20585
1,1,G01,M,00:05:03.39,20271
1,2,G01,M,00:06:06.95,19349
1,3,G01,M,00:07:10.52,19396
1,4,G01,M,00:08:14.07,19610
1,5,G01,M,00:09:17.62,19558
1,6,G01,M,00:10:21.18,19881
1,7,G01,M,00:11:24.74,19951
1,8,G01,M,00:12:28.33,19975
1,9,G01,M,00:13:31.90,20136
1,10,G01,M,00:14:35.47,20121
1,1,G02,M,00:05:03.80,20648
1,2,G02,M,00:06:07.36,20363
1,3,G02,M,00:07:10.93,20127
1,4,G02,M,00:08:14.48,20131
1,5,G02,M,00:09:18.04,20128
1,6,G02,M,00:10:21.60,19960
1,7,G02,M,00:11:25.15,20069
1,8,G02,M,00:12:28.74,20359
1,9,G02,M,00:13:32.32,20109
1,10,G02,M,00:14:35.88,20191
1,1,G03,M,00:05:04.22,21372
1,2,G03,M,00:06:07.78,21201
1,3,G03,M,00:07:11.35,20674
1,4,G03,M,00:08:14.89,20565
1,5,G03,M,00:09:18.45,20245
1,6,G03,M,00:10:22.02,20425
1,7,G03,M,00:11:25.57,20242
1,8,G03,M,00:12:29.16,19989
1,9,G03,M,00:13:32.73,20488
1,10,G03,M,00:14:36.30,19991
1,1,G04,M,00:05:04.63,20238
1,2,G04,M,00:06:08.19,19686
1,3,G04,M,00:07:11.76,19867
1,4,G04,M,00:08:15.31,19875
1,5,G04,M,00:09:18.87,20036
1,6,G04,M,00:10:22.43,20182
1,7,G04,M,00:11:25.98,20175
1,8,G04,M,00:12:29.57,20206
1,9,G04,M,00:13:33.15,20033
1,10,G04,M,00:14:36.71,20113
1,1,G05,M,00:05:05.05,21309
1,2,G05,M,00:06:08.61,21189
1,3,G05,M,00:07:12.18,20800
1,4,G05,M,00:08:15.72,20720
1,5,G05,M,00:09:19.28,20426
1,6,G05,M,00:10:22.85,20534
1,7,G05,M,00:11:26.40,20493
1,8,G05,M,00:12:29.99,20315
1,9,G05,M,00:13:33.56,20281
1,10,G05,M,00:14:37.13,20471
1,1,G06,M,00:05:05.46,21266
1,2,G06,M,00:06:09.02,20471
1,3,G06,M,00:07:12.59,20101
1,4,G06,M,00:08:16.14,19956
1,5,G06,M,00:09:19.70,20432
1,6,G06,M,00:10:23.26,20382
1,7,G06,M,00:11:26.81,20333
1,8,G06,M,00:12:30.40,20251
1,9,G06,M,00:13:33.98,20463
1,10,G06,M,00:14:37.54,20521
1,1,G07,M,00:05:05.88,21440
1,2,G07,M,00:06:09.44,20782
1,3,G07,M,00:07:13.01,20391
1,4,G07,M,00:08:16.55,20274
1,5,G07,M,00:09:20.11,20269
1,6,G07,M,00:10:23.68,20577
1,7,G07,M,00:11:27.23,20536
1,8,G07,M,00:12:30.82,20596
1,9,G07,M,00:13:34.39,20501
1,10,G07,M,00:14:37.96,20778
1,1,G08,M,00:05:06.29,20527
1,2,G08,M,00:06:09.85,20466
1,3,G08,M,00:07:13.42,20802
1,4,G08,M,00:08:16.97,20241
1,5,G08,M,00:09:20.53,20646
1,6,G08,M,00:10:24.09,20595
1,7,G08,M,00:11:27.64,20383
1,8,G08,M,00:12:31.23,20602
1,9,G08,M,00:13:34.80,20466
1,10,G08,M,00:14:38.37,20641
1,1,G09,M,00:05:06.71,21569
1,2,G09,M,00:06:10.27,21505
1,3,G09,M,00:07:13.84,21052
1,4,G09,M,00:08:17.38,20967
1,5,G09,M,00:09:20.94,20792
1,6,G09,M,00:10:24.51,20850
1,7,G09,M,00:11:28.06,20748
1,8,G09,M,00:12:31.65,20337
1,9,G09,M,00:13:35.22,20702
1,10,G09,M,00:14:38.79,21044
1,1,G10,M,00:05:07.12,21477
1,2,G10,M,00:06:10.68,20707
1,3,G10,M,00:07:14.25,20444
1,4,G10,M,00:08:17.80,20677
1,5,G10,M,00:09:21.36,20611
1,6,G10,M,00:10:24.92,20426
1,7,G10,M,00:11:28.48,20495
1,8,G10,M,00:12:32.06,20489
1,9,G10,M,00:13:35.63,20563
1,10,G10,M,00:14:39.20,20651
1,1,G11,M,00:05:07.54,22472
1,2,G11,M,00:06:11.10,21035
1,3,G11,M,00:07:14.67,21108
1,4,G11,M,00:08:18.21,20517
1,5,G11,M,00:09:21.77,20610
1,6,G11,M,00:10:25.34,20713
1,7,G11,M,00:11:28.89,20583
1,8,G11,M,00:12:32.48,20805
1,9,G11,M,00:13:36.05,20446
1,10,G11,M,00:14:39.62,20652
1,1,G12,M,00:05:07.95,21119
1,2,G12,M,00:06:11.51,20420
1,3,G12,M,00:07:15.08,20296
1,4,G12,M,00:08:18.63,20711
1,5,G12,M,00:09:22.19,20503
1,6,G12,M,00:10:25.75,20472
1,7,G12,M,00:11:29.30,20071
1,8,G12,M,00:12:32.89,20386
1,9,G12,M,00:13:36.46,20641
1,10,G12,M,00:14:40.03,20474
1,1,H01,M,00:05:10.81,15526
1,2,H01,M,00:06:14.37,15343
1,3,H01,M,00:07:17.94,15044
1,4,H01,M,00:08:21.48,15128
1,5,H01,M,00:09:25.04,15134
1,6,H01,M,00:10:28.60,15231
1,7,H01,M,00:11:32.16,15443
1,8,H01,M,00:12:35.75,15588
1,9,H01,M,00:13:39.32,15494
1,10,H01,M,00:14:42.89,15446
1,1,H02,M,00:05:11.22,16030
1,2,H02,M,00:06:14.78,15982
1,3,H02,M,00:07:18.35,15522
1,4,H02,M,00:08:21.89,15101
1,5,H02,M,00:09:25.46,15015
1,6,H02,M,00:10:29.02,15013
1,7,H02,M,00:11:32.57,14826
1,8,H02,M,00:12:36.16,14717
1,9,H02,M,00:13:39.73,14780
1,10,H02,M,00:14:43.30,14878
1,1,H03,M,00:05:11.64,18220
1,2,H03,M,00:06:15.19,17196
1,3,H03,M,00:07:18.77,16791
1,4,H03,M,00:08:22.30,16984
1,5,H03,M,00:09:25.87,17016
1,6,H03,M,00:10:29.43,17115
1,7,H03,M,00:11:32.99,17098
1,8,H03,M,00:12:36.58,17138
1,9,H03,M,00:13:40.15,17187
1,10,H03,M,00:14:43.72,17090
1,1,H04,M,00:05:12.05,20875
1,2,H04,M,00:06:15.61,20006
1,3,H04,M,00:07:19.18,20077
1,4,H04,M,00:08:22.72,20087
1,5,H04,M,00:09:26.29,19981
1,6,H04,M,00:10:29.85,19941
1,7,H04,M,00:11:33.40,19872
1,8,H04,M,00:12:36.99,19956
1,9,H04,M,00:13:40.56,20089
1,10,H04,M,00:14:44.13,19995
1,1,H05,M,00:05:12.47,20684
1,2,H05,M,00:06:16.02,19923
1,3,H05,M,00:07:19.60,20473
1,4,H05,M,00:08:23.13,20292
1,5,H05,M,00:09:26.70,20204
1,6,H05,M,00:10:30.26,20091
1,7,H05,M,00:11:33.82,20157
1,8,H05,M,00:12:37.41,20182
1,9,H05,M,00:13:40.98,20281
1,10,H05,M,00:14:44.55,20251
1,1,H06,M,00:05:12.88,21351
1,2,H06,M,00:06:16.44,20966
1,3,H06,M,00:07:20.01,20608
1,4,H06,M,00:08:23.55,20112
1,5,H06,M,00:09:27.12,20199
1,6,H06,M,00:10:30.68,20081
1,7,H06,M,00:11:34.23,20244
1,8,H06,M,00:12:37.82,20393
1,9,H06,M,00:13:41.39,20309
1,10,H06,M,00:14:44.96,20312
1,1,H07,M,00:05:13.30,20137
1,2,H07,M,00:06:16.85,19857
1,3,H07,M,00:07:20.43,20160
1,4,H07,M,00:08:23.96,20197
1,5,H07,M,00:09:27.53,20307
1,6,H07,M,00:10:31.09,20289
1,7,H07,M,00:11:34.65,20509
1,8,H07,M,00:12:38.24,20500
1,9,H07,M,00:13:41.81,20641
1,10,H07,M,00:14:45.38,20284
1,1,H08,M,00:05:13.71,20971
1,2,H08,M,00:06:17.27,20257
1,3,H08,M,00:07:20.84,20431
1,4,H08,M,00:08:24.38,20700
1,5,H08,M,00:09:27.94,20627
1,6,H08,M,00:10:31.51,20560
1,7,H08,M,00:11:35.06,20541
1,8,H08,M,00:12:38.65,20968
1,9,H08,M,00:13:42.22,20451
1,10,H08,M,00:14:45.79,20599
1,1,H09,M,00:05:14.13,20694
1,2,H09,M,00:06:17.68,20777
1,3,H09,M,00:07:21.26,20638
1,4,H09,M,00:08:24.79,20637
1,5,H09,M,00:09:28.36,20644
1,6,H09,M,00:10:31.92,20503
1,7,H09,M,00:11:35.48,20629
1,8,H09,M,00:12:39.07,20456
1,9,H09,M,00:13:42.64,20817
1,10,H09,M,00:14:46.21,20928
1,1,H10,M,00:05:14.54,21014
1,2,H10,M,00:06:18.10,20770
1,3,H10,M,00:07:21.67,20730
1,4,H10,M,00:08:25.21,20576
1,5,H10,M,00:09:28.78,20483
1,6,H10,M,00:10:32.34,20469
1,7,H10,M,00:11:35.89,20591
1,8,H10,M,00:12:39.48,20439
1,9,H10,M,00:13:43.05,20270
1,10,H10,M,00:14:46.62,20588
1,1,H11,M,00:05:14.96,20840
1,2,H11,M,00:06:18.51,20465
1,3,H11,M,00:07:22.09,20407
1,4,H11,M,00:08:25.62,20612
1,5,H11,M,00:09:29.19,20544
1,6,H11,M,00:10:32.76,20773
1,7,H11,M,00:11:36.31,20459
1,8,H11,M,00:12:39.90,20207
1,9,H11,M,00:13:43.47,20459
1,10,H11,M,00:14:47.04,20654
1,1,H12,M,00:05:15.37,21968
1,2,H12,M,00:06:18.93,20580
1,3,H12,M,00:07:22.50,20524
1,4,H12,M,00:08:26.04,20159
1,5,H12,M,00:09:29.61,20687
1,6,H12,M,00:10:33.17,20471
1,7,H12,M,00:11:36.72,20323
1,8,H12,M,00:12:40.31,20531
1,9,H12,M,00:13:43.88,20688
1,10,H12,M,00:14:47.45,20623