Plate,Repeat,Well,Type,Time,Fluorescein (0.1s) (Counts)
1,1,E01,M,00:00:11.01,21887
1,2,E01,M,00:01:45.13,21463
1,3,E01,M,00:03:19.26,20970
1,4,E01,M,00:04:53.39,20576
1,5,E01,M,00:06:27.50,20451
1,6,E01,M,00:08:01.61,20223
1,7,E01,M,00:09:35.73,19911
1,8,E01,M,00:11:09.84,19711
1,9,E01,M,00:12:43.96,19467
1,10,E01,M,00:14:18.09,19165
1,11,E01,M,00:15:52.21,19409
1,12,E01,M,00:17:26.36,19112
1,13,E01,M,00:19:00.50,18975
1,14,E01,M,00:20:34.64,18883
1,15,E01,M,00:22:08.78,18767
1,16,E01,M,00:23:42.92,18885
1,17,E01,M,00:25:17.06,18777
1,18,E01,M,00:26:51.20,18688
1,19,E01,M,00:28:25.33,18585
1,20,E01,M,00:29:59.47,18578
1,21,E01,M,00:31:33.61,18511
1,22,E01,M,00:33:07.75,18400
1,23,E01,M,00:34:41.88,18474
1,24,E01,M,00:36:16.02,18386
1,25,E01,M,00:37:50.16,18485
1,26,E01,M,00:39:24.31,18497
1,27,E01,M,00:40:58.45,18435
1,28,E01,M,00:42:32.58,18179
1,29,E01,M,00:44:06.71,18367
1,30,E01,M,00:45:40.85,18103
1,1,E02,M,00:00:11.43,22701
1,2,E02,M,00:01:45.54,22121
1,3,E02,M,00:03:19.68,21959
1,4,E02,M,00:04:53.81,21713
1,5,E02,M,00:06:27.92,21589
1,6,E02,M,00:08:02.02,21439
1,7,E02,M,00:09:36.14,21111
1,8,E02,M,00:11:10.26,20959
1,9,E02,M,00:12:44.38,21048
1,10,E02,M,00:14:18.51,20724
1,11,E02,M,00:15:52.63,20746
1,12,E02,M,00:17:26.78,20567
1,13,E02,M,00:19:00.92,20501
1,14,E02,M,00:20:35.05,20503
1,15,E02,M,00:22:09.20,20402
1,16,E02,M,00:23:43.34,20421
1,17,E02,M,00:25:17.47,20152
1,18,E02,M,00:26:51.62,20366
1,19,E02,M,00:28:25.75,20195
1,20,E02,M,00:29:59.88,20246
1,21,E02,M,00:31:34.03,20330
1,22,E02,M,00:33:08.16,20226
1,23,E02,M,00:34:42.29,20307
1,24,E02,M,00:36:16.44,19984
1,25,E02,M,00:37:50.58,20161
1,26,E02,M,00:39:24.72,19742
1,27,E02,M,00:40:58.86,20043
1,28,E02,M,00:42:32.99,19961
1,29,E02,M,00:44:07.12,19727
1,30,E02,M,00:45:41.27,19988
1,1,E03,M,00:00:11.84,21666
1,2,E03,M,00:01:45.96,21464
1,3,E03,M,00:03:20.10,21507
1,4,E03,M,00:04:54.22,21445
1,5,E03,M,00:06:28.33,20925
1,6,E03,M,00:08:02.44,21084
1,7,E03,M,00:09:36.56,21029
1,8,E03,M,00:11:10.67,20833
1,9,E03,M,00:12:44.79,20634
1,10,E03,M,00:14:18.92,20700
1,11,E03,M,00:15:53.04,20778
1,12,E03,M,00:17:27.19,20755
1,13,E03,M,00:19:01.33,20837
1,14,E03,M,00:20:35.47,20616
1,15,E03,M,00:22:09.61,20671
1,16,E03,M,00:23:43.75,20787
1,17,E03,M,00:25:17.89,20681
1,18,E03,M,00:26:52.03,20801
1,19,E03,M,00:28:26.16,20798
1,20,E03,M,00:30:00.30,20846
1,21,E03,M,00:31:34.44,20716
1,22,E03,M,00:33:08.58,20655
1,23,E03,M,00:34:42.71,20638
1,24,E03,M,00:36:16.85,20513
1,25,E03,M,00:37:50.99,20415
1,26,E03,M,00:39:25.14,20655
1,27,E03,M,00:40:59.28,20401
1,28,E03,M,00:42:33.41,20616
1,29,E03,M,00:44:07.54,20515
1,30,E03,M,00:45:41.68,20247
1,1,E04,M,00:00:12.26,22544
1,2,E04,M,00:01:46.37,22292
1,3,E04,M,00:03:20.51,22570
1,4,E04,M,00:04:54.63,22200
1,5,E04,M,00:06:28.75,22260
1,6,E04,M,00:08:02.85,22074
1,7,E04,M,00:09:36.97,21799
1,8,E04,M,00:11:11.09,22033
1,9,E04,M,00:12:45.21,21775
1,10,E04,M,00:14:19.34,21930
1,11,E04,M,00:15:53.46,21464
1,12,E04,M,00:17:27.61,21720
1,13,E04,M,00:19:01.75,21954
1,14,E04,M,00:20:35.88,21564
1,15,E04,M,00:22:10.03,21767
1,16,E04,M,00:23:44.17,21816
1,17,E04,M,00:25:18.30,21622
1,18,E04,M,00:26:52.45,21894
1,19,E04,M,00:28:26.58,21577
1,20,E04,M,00:30:00.71,21722
1,21,E04,M,00:31:34.86,21367
1,22,E04,M,00:33:08.99,21554
1,23,E04,M,00:34:43.12,21654
1,24,E04,M,00:36:17.27,21509
1,25,E04,M,00:37:51.41,21518
1,26,E04,M,00:39:25.55,21582
1,27,E04,M,00:40:59.69,21547
1,28,E04,M,00:42:33.82,21306
1,29,E04,M,00:44:07.96,21516
1,30,E04,M,00:45:42.10,21593
1,1,E05,M,00:00:12.67,23807
1,2,E05,M,00:01:46.79,23469
1,3,E05,M,00:03:20.92,23453
1,4,E05,M,00:04:55.04,23331
1,5,E05,M,00:06:29.16,23317
1,6,E05,M,00:08:03.26,23249
1,7,E05,M,00:09:37.39,23521
1,8,E05,M,00:11:11.50,23140
1,9,E05,M,00:12:45.62,23270
1,10,E05,M,00:14:19.75,23235
1,11,E05,M,00:15:53.87,23121
1,12,E05,M,00:17:28.02,23197
1,13,E05,M,00:19:02.16,22999
1,14,E05,M,00:20:36.30,23405
1,15,E05,M,00:22:10.44,23422
1,16,E05,M,00:23:44.58,23201
1,17,E05,M,00:25:18.72,22845
1,18,E05,M,00:26:52.86,23260
1,19,E05,M,00:28:26.99,23095
1,20,E05,M,00:30:01.13,23268
1,21,E05,M,00:31:35.27,23108
1,22,E05,M,00:33:09.41,22784
1,23,E05,M,00:34:43.54,22962
1,24,E05,M,00:36:17.68,23080
1,25,E05,M,00:37:51.82,23050
1,26,E05,M,00:39:25.97,22823
1,27,E05,M,00:41:00.11,23086
1,28,E05,M,00:42:34.24,23136
1,29,E05,M,00:44:08.37,23225
1,30,E05,M,00:45:42.51,22823
1,1,E06,M,00:00:13.09,23972
1,2,E06,M,00:01:47.20,24295
1,3,E06,M,00:03:21.34,24336
1,4,E06,M,00:04:55.46,24451
1,5,E06,M,00:06:29.58,24634
1,6,E06,M,00:08:03.68,24360
1,7,E06,M,00:09:37.80,24324
1,8,E06,M,00:11:11.92,23991
1,9,E06,M,00:12:46.03,24359
1,10,E06,M,00:14:20.17,24111
1,11,E06,M,00:15:54.29,24343
1,12,E06,M,00:17:28.44,24327
1,13,E06,M,00:19:02.58,24178
1,14,E06,M,00:20:36.71,23877
1,15,E06,M,00:22:10.86,24271
1,16,E06,M,00:23:45.00,24141
1,17,E06,M,00:25:19.13,24125
1,18,E06,M,00:26:53.28,24113
1,19,E06,M,00:28:27.41,24396
1,20,E06,M,00:30:01.54,24132
1,21,E06,M,00:31:35.69,24317
1,22,E06,M,00:33:09.82,24106
1,23,E06,M,00:34:43.95,24057
1,24,E06,M,00:36:18.10,24225
1,25,E06,M,00:37:52.24,24008
1,26,E06,M,00:39:26.38,24361
1,27,E06,M,00:41:00.52,24339
1,28,E06,M,00:42:34.65,24018
1,29,E06,M,00:44:08.78,24307
1,30,E06,M,00:45:42.93,24026
1,1,E07,M,00:00:13.50,25041
1,2,E07,M,00:01:47.62,24847
1,3,E07,M,00:03:21.75,25138
1,4,E07,M,00:04:55.87,25033
1,5,E07,M,00:06:29.99,24935
1,6,E07,M,00:08:04.10,25064
1,7,E07,M,00:09:38.22,25013
1,8,E07,M,00:11:12.33,25006
1,9,E07,M,00:12:46.45,25164
1,10,E07,M,00:14:20.58,24918
1,11,E07,M,00:15:54.70,24873
1,12,E07,M,00:17:28.85,24963
1,13,E07,M,00:19:02.99,24964
1,14,E07,M,00:20:37.13,24898
1,15,E07,M,00:22:11.27,24896
1,16,E07,M,00:23:45.41,25075
1,17,E07,M,00:25:19.55,24898
1,18,E07,M,00:26:53.69,24654
1,19,E07,M,00:28:27.82,24945
1,20,E07,M,00:30:01.96,24916
1,21,E07,M,00:31:36.10,24674
1,22,E07,M,00:33:10.24,24862
1,23,E07,M,00:34:44.37,24784
1,24,E07,M,00:36:18.51,24769
1,25,E07,M,00:37:52.65,24775
1,26,E07,M,00:39:26.80,24721
1,27,E07,M,00:41:00.94,24884
1,28,E07,M,00:42:35.07,24874
1,29,E07,M,00:44:09.20,24696
1,30,E07,M,00:45:43.34,25049
1,1,E08,M,00:00:13.92,25467
1,2,E08,M,00:01:48.03,25375
1,3,E08,M,00:03:22.17,25672
1,4,E08,M,00:04:56.29,25445
1,5,E08,M,00:06:30.41,25543
1,6,E08,M,00:08:04.51,25216
1,7,E08,M,00:09:38.63,25412
1,8,E08,M,00:11:12.75,25160
1,9,E08,M,00:12:46.87,25255
1,10,E08,M,00:14:21.00,24937
1,11,E08,M,00:15:55.12,25107
1,12,E08,M,00:17:29.27,25186
1,13,E08,M,00:19:03.41,25038
1,14,E08,M,00:20:37.54,25458
1,15,E08,M,00:22:11.69,25369
1,16,E08,M,00:23:45.83,24835
1,17,E08,M,00:25:19.96,25352
1,18,E08,M,00:26:54.11,25186
1,19,E08,M,00:28:28.24,24874
1,20,E08,M,00:30:02.37,25158
1,21,E08,M,00:31:36.52,25276
1,22,E08,M,00:33:10.65,24911
1,23,E08,M,00:34:44.78,25174
1,24,E08,M,00:36:18.93,25245
1,25,E08,M,00:37:53.07,25099
1,26,E08,M,00:39:27.21,25372
1,27,E08,M,00:41:01.35,25410
1,28,E08,M,00:42:35.48,25281
1,29,E08,M,00:44:09.61,25105
1,30,E08,M,00:45:43.76,24954
1,1,E09,M,00:00:14.33,26018
1,2,E09,M,00:01:48.45,25662
1,3,E09,M,00:03:22.58,25499
1,4,E09,M,00:04:56.70,25657
1,5,E09,M,00:06:30.82,25663
1,6,E09,M,00:08:04.92,25598
1,7,E09,M,00:09:39.05,25865
1,8,E09,M,00:11:13.16,25365
1,9,E09,M,00:12:47.28,25428
1,10,E09,M,00:14:21.41,25660
1,11,E09,M,00:15:55.53,25461
1,12,E09,M,00:17:29.68,25339
1,13,E09,M,00:19:03.82,25498
1,14,E09,M,00:20:37.96,25289
1,15,E09,M,00:22:12.10,25504
1,16,E09,M,00:23:46.24,25822
1,17,E09,M,00:25:20.38,25466
1,18,E09,M,00:26:54.52,25292
1,19,E09,M,00:28:28.65,25391
1,20,E09,M,00:30:02.79,25386
1,21,E09,M,00:31:36.93,25353
1,22,E09,M,00:33:11.07,25826
1,23,E09,M,00:34:45.20,25374
1,24,E09,M,00:36:19.34,25362
1,25,E09,M,00:37:53.48,25317
1,26,E09,M,00:39:27.63,25438
1,27,E09,M,00:41:01.77,25240
1,28,E09,M,00:42:35.90,25551
1,29,E09,M,00:44:10.03,25556
1,30,E09,M,00:45:44.17,25595
1,1,E10,M,00:00:14.74,26004
1,2,E10,M,00:01:48.86,25837
1,3,E10,M,00:03:23.00,25893
1,4,E10,M,00:04:57.12,26067
1,5,E10,M,00:06:31.24,25847
1,6,E10,M,00:08:05.34,25741
1,7,E10,M,00:09:39.46,25789
1,8,E10,M,00:11:13.58,25564
1,9,E10,M,00:12:47.70,25478
1,10,E10,M,00:14:21.83,25721
1,11,E10,M,00:15:55.95,25897
1,12,E10,M,00:17:30.10,25853
1,13,E10,M,00:19:04.24,25637
1,14,E10,M,00:20:38.37,25755
1,15,E10,M,00:22:12.52,25580
1,16,E10,M,00:23:46.66,25734
1,17,E10,M,00:25:20.79,25980
1,18,E10,M,00:26:54.94,26114
1,19,E10,M,00:28:29.07,25919
1,20,E10,M,00:30:03.20,26023
1,21,E10,M,00:31:37.35,25730
1,22,E10,M,00:33:11.48,25535
1,23,E10,M,00:34:45.61,25771
1,24,E10,M,00:36:19.76,25454
1,25,E10,M,00:37:53.90,25668
1,26,E10,M,00:39:28.05,25690
1,27,E10,M,00:41:02.18,25619
1,28,E10,M,00:42:36.31,25828
1,29,E10,M,00:44:10.44,25638
1,30,E10,M,00:45:44.59,25765
1,1,E11,M,00:00:15.16,26248
1,2,E11,M,00:01:49.28,26100
1,3,E11,M,00:03:23.42,26170
1,4,E11,M,00:04:57.53,25932
1,5,E11,M,00:06:31.65,26106
1,6,E11,M,00:08:05.76,26155
1,7,E11,M,00:09:39.88,25928
1,8,E11,M,00:11:13.99,25886
1,9,E11,M,00:12:48.11,25804
1,10,E11,M,00:14:22.24,26031
1,11,E11,M,00:15:56.36,26013
1,12,E11,M,00:17:30.51,25861
1,13,E11,M,00:19:04.65,25748
1,14,E11,M,00:20:38.79,26187
1,15,E11,M,00:22:12.93,25979
1,16,E11,M,00:23:47.07,25936
1,17,E11,M,00:25:21.21,26026
1,18,E11,M,00:26:55.35,25652
1,19,E11,M,00:28:29.48,26020
1,20,E11,M,00:30:03.62,25917
1,21,E11,M,00:31:37.76,26204
1,22,E11,M,00:33:11.90,26089
1,23,E11,M,00:34:46.03,25938
1,24,E11,M,00:36:20.17,25909
1,25,E11,M,00:37:54.31,25792
1,26,E11,M,00:39:28.46,25577
1,27,E11,M,00:41:02.60,25945
1,28,E11,M,00:42:36.73,25774
1,29,E11,M,00:44:10.86,25881
1,30,E11,M,00:45:45.00,25829
1,1,E12,M,00:00:15.57,26522
1,2,E12,M,00:01:49.69,26208
1,3,E12,M,00:03:23.83,26334
1,4,E12,M,00:04:57.95,26387
1,5,E12,M,00:06:32.07,26301
1,6,E12,M,00:08:06.17,26161
1,7,E12,M,00:09:40.29,26515
1,8,E12,M,00:11:14.41,26668
1,9,E12,M,00:12:48.53,26549
1,10,E12,M,00:14:22.66,26224
1,11,E12,M,00:15:56.78,26587
1,12,E12,M,00:17:30.93,26435
1,13,E12,M,00:19:05.07,26534
1,14,E12,M,00:20:39.20,26564
1,15,E12,M,00:22:13.35,26789
1,16,E12,M,00:23:47.49,26598
1,17,E12,M,00:25:21.62,26807
1,18,E12,M,00:26:55.77,26527
1,19,E12,M,00:28:29.90,26695
1,20,E12,M,00:30:04.03,26780
1,21,E12,M,00:31:38.18,26336
1,22,E12,M,00:33:12.31,26434
1,23,E12,M,00:34:46.44,26463
1,24,E12,M,00:36:20.59,26168
1,25,E12,M,00:37:54.73,26577
1,26,E12,M,00:39:28.87,26414
1,27,E12,M,00:41:03.01,26559
1,28,E12,M,00:42:37.14,26137
1,29,E12,M,00:44:11.27,26166
1,30,E12,M,00:45:45.42,26825
1,1,F01,M,00:00:18.42,21985
1,2,F01,M,00:01:52.55,21730
1,3,F01,M,00:03:26.68,21255
1,4,F01,M,00:05:00.80,21241
1,5,F01,M,00:06:34.92,20762
1,6,F01,M,00:08:09.02,20460
1,7,F01,M,00:09:43.14,20403
1,8,F01,M,00:11:17.26,19816
1,9,F01,M,00:12:51.38,19803
1,10,F01,M,00:14:25.51,19651
1,11,F01,M,00:15:59.63,19485
1,12,F01,M,00:17:33.78,19513
1,13,F01,M,00:19:07.92,19408
1,14,F01,M,00:20:42.06,19103
1,15,F01,M,00:22:16.20,19295
1,16,F01,M,00:23:50.34,19176
1,17,F01,M,00:25:24.48,19020
1,18,F01,M,00:26:58.62,19066
1,19,F01,M,00:28:32.75,19056
1,20,F01,M,00:30:06.89,18860
1,21,F01,M,00:31:41.03,18754
1,22,F01,M,00:33:15.17,18951
1,23,F01,M,00:34:49.30,18760
1,24,F01,M,00:36:23.44,18851
1,25,F01,M,00:37:57.58,19011
1,26,F01,M,00:39:31.73,18672
1,27,F01,M,00:41:05.86,18680
1,28,F01,M,00:42:40.00,18688
1,29,F01,M,00:44:14.13,18550
1,30,F01,M,00:45:48.27,18573
1,1,F02,M,00:00:18.84,22380
1,2,F02,M,00:01:52.96,22193
1,3,F02,M,00:03:27.09,21871
1,4,F02,M,00:05:01.22,21550
1,5,F02,M,00:06:35.34,21266
1,6,F02,M,00:08:09.43,21388
1,7,F02,M,00:09:43.56,20995
1,8,F02,M,00:11:17.68,21081
1,9,F02,M,00:12:51.79,20785
1,10,F02,M,00:14:25.93,20309
1,11,F02,M,00:16:00.05,20921
1,12,F02,M,00:17:34.19,20871
1,13,F02,M,00:19:08.34,20629
1,14,F02,M,00:20:42.47,20706
1,15,F02,M,00:22:16.61,20645
1,16,F02,M,00:23:50.76,20793
1,17,F02,M,00:25:24.89,20549
1,18,F02,M,00:26:59.03,20570
1,19,F02,M,00:28:33.17,20619
1,20,F02,M,00:30:07.30,20594
1,21,F02,M,00:31:41.45,20606
1,22,F02,M,00:33:15.58,20321
1,23,F02,M,00:34:49.71,20565
1,24,F02,M,00:36:23.86,20491
1,25,F02,M,00:37:58.00,20388
1,26,F02,M,00:39:32.14,20571
1,27,F02,M,00:41:06.28,20165
1,28,F02,M,00:42:40.41,20197
1,29,F02,M,00:44:14.54,20268
1,30,F02,M,00:45:48.69,20173
1,1,F03,M,00:00:19.25,22017
1,2,F03,M,00:01:53.37,21491
1,3,F03,M,00:03:27.51,21652
1,4,F03,M,00:05:01.63,21464
1,5,F03,M,00:06:35.75,21588
1,6,F03,M,00:08:09.85,21254
1,7,F03,M,00:09:43.97,21478
1,8,F03,M,00:11:18.09,20929
1,9,F03,M,00:12:52.21,21202
1,10,F03,M,00:14:26.34,21003
1,11,F03,M,00:16:00.46,20912
1,12,F03,M,00:17:34.61,21310
1,13,F03,M,00:19:08.75,21049
1,14,F03,M,00:20:42.88,20932
1,15,F03,M,00:22:17.03,20878
1,16,F03,M,00:23:51.17,21074
1,17,F03,M,00:25:25.31,20951
1,18,F03,M,00:26:59.45,20914
1,19,F03,M,00:28:33.58,20901
1,20,F03,M,00:30:07.72,20982
1,21,F03,M,00:31:41.86,20567
1,22,F03,M,00:33:15.99,21024
1,23,F03,M,00:34:50.13,20720
1,24,F03,M,00:36:24.27,20890
1,25,F03,M,00:37:58.41,20855
1,26,F03,M,00:39:32.55,20660
1,27,F03,M,00:41:06.70,20753
1,28,F03,M,00:42:40.82,20597
1,29,F03,M,00:44:14.96,20658
1,30,F03,M,00:45:49.10,20800
1,1,F04,M,00:00:19.67,23260
1,2,F04,M,00:01:53.79,22732
1,3,F04,M,00:03:27.92,23244
1,4,F04,M,00:05:02.05,22526
1,5,F04,M,00:06:36.17,23066
1,6,F04,M,00:08:10.26,22502
1,7,F04,M,00:09:44.39,22517
1,8,F04,M,00:11:18.51,22316
1,9,F04,M,00:12:52.62,22702
1,10,F04,M,00:14:26.75,22559
1,11,F04,M,00:16:00.88,22134
1,12,F04,M,00:17:35.02,22097
1,13,F04,M,00:19:09.17,22583
1,14,F04,M,00:20:43.30,22358
1,15,F04,M,00:22:17.45,22268
1,16,F04,M,00:23:51.59,22086
1,17,F04,M,00:25:25.72,22377
1,18,F04,M,00:26:59.86,22384
1,19,F04,M,00:28:34.00,21984
1,20,F04,M,00:30:08.13,22420
1,21,F04,M,00:31:42.28,22129
1,22,F04,M,00:33:16.41,21916
1,23,F04,M,00:34:50.54,21985
1,24,F04,M,00:36:24.69,22079
1,25,F04,M,00:37:58.83,21982
1,26,F04,M,00:39:32.97,22057
1,27,F04,M,00:41:07.11,21812
1,28,F04,M,00:42:41.24,21546
1,29,F04,M,00:44:15.37,21915
1,30,F04,M,00:45:49.52,21838
1,1,F05,M,00:00:20.08,24199
1,2,F05,M,00:01:54.20,23525
1,3,F05,M,00:03:28.34,23620
1,4,F05,M,00:05:02.46,23938
1,5,F05,M,00:06:36.58,24172
1,6,F05,M,00:08:10.68,24170
1,7,F05,M,00:09:44.80,23799
1,8,F05,M,00:11:18.92,23869
1,9,F05,M,00:12:53.04,23806
1,10,F05,M,00:14:27.17,23909
1,11,F05,M,00:16:01.29,23624
1,12,F05,M,00:17:35.44,23606
1,13,F05,M,00:19:09.58,23820
1,14,F05,M,00:20:43.71,23690
1,15,F05,M,00:22:17.86,23961
1,16,F05,M,00:23:52.00,23645
1,17,F05,M,00:25:26.14,23370
1,18,F05,M,00:27:00.28,23567
1,19,F05,M,00:28:34.41,23680
1,20,F05,M,00:30:08.55,23466
1,21,F05,M,00:31:42.69,23558
1,22,F05,M,00:33:16.82,23640
1,23,F05,M,00:34:50.96,23348
1,24,F05,M,00:36:25.10,23677
1,25,F05,M,00:37:59.24,23367
1,26,F05,M,00:39:33.38,23811
1,27,F05,M,00:41:07.53,23775
1,28,F05,M,00:42:41.65,23602
1,29,F05,M,00:44:15.79,23606
1,30,F05,M,00:45:49.93,23542
1,1,F06,M,00:00:20.50,24771
1,2,F06,M,00:01:54.62,24537
1,3,F06,M,00:03:28.75,24647
1,4,F06,M,00:05:02.88,24718
1,5,F06,M,00:06:37.00,24511
1,6,F06,M,00:08:11.09,24669
1,7,F06,M,00:09:45.22,24448
1,8,F06,M,00:11:19.34,24512
1,9,F06,M,00:12:53.45,24676
1,10,F06,M,00:14:27.58,24416
1,11,F06,M,00:16:01.71,24661
1,12,F06,M,00:17:35.85,24796
1,13,F06,M,00:19:10.00,24647
1,14,F06,M,00:20:44.13,24606
1,15,F06,M,00:22:18.28,24545
1,16,F06,M,00:23:52.42,24587
1,17,F06,M,00:25:26.55,24660
1,18,F06,M,00:27:00.69,24563
1,19,F06,M,00:28:34.83,24194
1,20,F06,M,00:30:08.96,24808
1,21,F06,M,00:31:43.10,24679
1,22,F06,M,00:33:17.24,24609
1,23,F06,M,00:34:51.37,24322
1,24,F06,M,00:36:25.52,24429
1,25,F06,M,00:37:59.66,24708
1,26,F06,M,00:39:33.80,24421
1,27,F06,M,00:41:07.94,24729
1,28,F06,M,00:42:42.07,24313
1,29,F06,M,00:44:16.20,24395
1,30,F06,M,00:45:50.35,24530
1,1,F07,M,00:00:20.91,25042
1,2,F07,M,00:01:55.03,25212
1,3,F07,M,00:03:29.17,24768
1,4,F07,M,00:05:03.29,25002
1,5,F07,M,00:06:37.41,24953
1,6,F07,M,00:08:11.51,25231
1,7,F07,M,00:09:45.63,24823
1,8,F07,M,00:11:19.75,25049
1,9,F07,M,00:12:53.87,25148
1,10,F07,M,00:14:28.00,25064
1,11,F07,M,00:16:02.12,25068
1,12,F07,M,00:17:36.27,24758
1,13,F07,M,00:19:10.41,25175
1,14,F07,M,00:20:44.54,24920
1,15,F07,M,00:22:18.69,25034
1,16,F07,M,00:23:52.83,24840
1,17,F07,M,00:25:26.97,25188
1,18,F07,M,00:27:01.10,24569
1,19,F07,M,00:28:35.24,24994
1,20,F07,M,00:30:09.38,24792
1,21,F07,M,00:31:43.52,24996
1,22,F07,M,00:33:17.65,25092
1,23,F07,M,00:34:51.79,24866
1,24,F07,M,00:36:25.93,25103
1,25,F07,M,00:38:00.07,24837
1,26,F07,M,00:39:34.21,24792
1,27,F07,M,00:41:08.36,24697
1,28,F07,M,00:42:42.48,25063
1,29,F07,M,00:44:16.62,25125
1,30,F07,M,00:45:50.76,24867
1,1,F08,M,00:00:21.33,25652
1,2,F08,M,00:01:55.45,25531
1,3,F08,M,00:03:29.58,25659
1,4,F08,M,00:05:03.71,25730
1,5,F08,M,00:06:37.83,25574
1,6,F08,M,00:08:11.92,25494
1,7,F08,M,00:09:46.04,25283
1,8,F08,M,00:11:20.17,25521
1,9,F08,M,00:12:54.28,25200
1,10,F08,M,00:14:28.41,25100
1,11,F08,M,00:16:02.54,25192
1,12,F08,M,00:17:36.68,25289
1,13,F08,M,00:19:10.83,25394
1,14,F08,M,00:20:44.96,25180
1,15,F08,M,00:22:19.10,25391
1,16,F08,M,00:23:53.25,25245
1,17,F08,M,00:25:27.38,25341
1,18,F08,M,00:27:01.52,25136
1,19,F08,M,00:28:35.66,25413
1,20,F08,M,00:30:09.79,25229
1,21,F08,M,00:31:43.94,25056
1,22,F08,M,00:33:18.07,25489
1,23,F08,M,00:34:52.20,25503
1,24,F08,M,00:36:26.35,25279
1,25,F08,M,00:38:00.49,25741
1,26,F08,M,00:39:34.63,25223
1,27,F08,M,00:41:08.77,25419
1,28,F08,M,00:42:42.90,25365
1,29,F08,M,00:44:17.03,25402
1,30,F08,M,00:45:51.18,25620
1,1,F09,M,00:00:21.74,26284
1,2,F09,M,00:01:55.86,25881
1,3,F09,M,00:03:30.00,25998
1,4,F09,M,00:05:04.12,25915
1,5,F09,M,00:06:38.24,25969
1,6,F09,M,00:08:12.34,25922
1,7,F09,M,00:09:46.46,25942
1,8,F09,M,00:11:20.58,26035
1,9,F09,M,00:12:54.70,26078
1,10,F09,M,00:14:28.82,26087
1,11,F09,M,00:16:02.95,26002
1,12,F09,M,00:17:37.10,25635
1,13,F09,M,00:19:11.24,26103
1,14,F09,M,00:20:45.37,25801
1,15,F09,M,00:22:19.52,25774
1,16,F09,M,00:23:53.66,26024
1,17,F09,M,00:25:27.80,26011
1,18,F09,M,00:27:01.93,25893
1,19,F09,M,00:28:36.07,25847
1,20,F09,M,00:30:10.21,26008
1,21,F09,M,00:31:44.35,26045
1,22,F09,M,00:33:18.48,25965
1,23,F09,M,00:34:52.62,25794
1,24,F09,M,00:36:26.76,26156
1,25,F09,M,00:38:00.90,25885
1,26,F09,M,00:39:35.04,26107
1,27,F09,M,00:41:09.19,25708
1,28,F09,M,00:42:43.31,25898
1,29,F09,M,00:44:17.45,25891
1,30,F09,M,00:45:51.59,25880
1,1,F10,M,00:00:22.16,26003
1,2,F10,M,00:01:56.28,26004
1,3,F10,M,00:03:30.41,25773
1,4,F10,M,00:05:04.54,25815
1,5,F10,M,00:06:38.66,25899
1,6,F10,M,00:08:12.75,25797
1,7,F10,M,00:09:46.87,26088
1,8,F10,M,00:11:21.00,26351
1,9,F10,M,00:12:55.11,25765
1,10,F10,M,00:14:29.24,25978
1,11,F10,M,00:16:03.37,25731
1,12,F10,M,00:17:37.51,26076
1,13,F10,M,00:19:11.66,26010
1,14,F10,M,00:20:45.79,25546
1,15,F10,M,00:22:19.93,25745
1,16,F10,M,00:23:54.08,25743
1,17,F10,M,00:25:28.21,26161
1,18,F10,M,00:27:02.35,25909
1,19,F10,M,00:28:36.49,25877
1,20,F10,M,00:30:10.62,25572
1,21,F10,M,00:31:44.77,26014
1,22,F10,M,00:33:18.90,25754
1,23,F10,M,00:34:53.03,26101
1,24,F10,M,00:36:27.18,25741
1,25,F10,M,00:38:01.32,25885
1,26,F10,M,00:39:35.46,25948
1,27,F10,M,00:41:09.60,25751
1,28,F10,M,00:42:43.73,25457
1,29,F10,M,00:44:17.86,25926
1,30,F10,M,00:45:52.01,25526
1,1,F11,M,00:00:22.57,26198
1,2,F11,M,00:01:56.69,26473
1,3,F11,M,00:03:30.83,26057
1,4,F11,M,00:05:04.95,26358
1,5,F11,M,00:06:39.07,26013
1,6,F11,M,00:08:13.17,25921
1,7,F11,M,00:09:47.29,26123
1,8,F11,M,00:11:21.41,26106
1,9,F11,M,00:12:55.53,26152
1,10,F11,M,00:14:29.65,25985
1,11,F11,M,00:16:03.78,25864
1,12,F11,M,00:17:37.93,25986
1,13,F11,M,00:19:12.07,25830
1,14,F11,M,00:20:46.20,26061
1,15,F11,M,00:22:20.35,26010
1,16,F11,M,00:23:54.49,26016
1,17,F11,M,00:25:28.63,25835
1,18,F11,M,00:27:02.77,25944
1,19,F11,M,00:28:36.90,25986
1,20,F11,M,00:30:11.04,26092
1,21,F11,M,00:31:45.18,26048
1,22,F11,M,00:33:19.31,25707
1,23,F11,M,00:34:53.45,25797
1,24,F11,M,00:36:27.59,25764
1,25,F11,M,00:38:01.73,25991
1,26,F11,M,00:39:35.87,26150
1,27,F11,M,00:41:10.02,25995
1,28,F11,M,00:42:44.14,25700
1,29,F11,M,00:44:18.28,25686
1,30,F11,M,00:45:52.42,26027
1,1,F12,M,00:00:22.99,26546
1,2,F12,M,00:01:57.11,26129
1,3,F12,M,00:03:31.24,26026
1,4,F12,M,00:05:05.37,26380
1,5,F12,M,00:06:39.49,26323
1,6,F12,M,00:08:13.58,26244
1,7,F12,M,00:09:47.70,26222
1,8,F12,M,00:11:21.83,26563
1,9,F12,M,00:12:55.94,26192
1,10,F12,M,00:14:30.07,26057
1,11,F12,M,00:16:04.20,26273
1,12,F12,M,00:17:38.34,26392
1,13,F12,M,00:19:12.49,26283
1,14,F12,M,00:20:46.62,26275
1,15,F12,M,00:22:20.77,26737
1,16,F12,M,00:23:54.91,26522
1,17,F12,M,00:25:29.04,26311
1,18,F12,M,00:27:03.18,26855
1,19,F12,M,00:28:37.32,26621
1,20,F12,M,00:30:11.45,26378
1,21,F12,M,00:31:45.60,26432
1,22,F12,M,00:33:19.73,26753
1,23,F12,M,00:34:53.86,26467
1,24,F12,M,00:36:28.01,26313
1,25,F12,M,00:38:02.15,26491
1,26,F12,M,00:39:36.29,26270
1,27,F12,M,00:41:10.43,26139
1,28,F12,M,00:42:44.56,26622
1,29,F12,M,00:44:18.69,26558
1,30,F12,M,00:45:52.84,26426
1,1,G01,M,00:00:25.84,21546
1,2,G01,M,00:01:59.96,21189
1,3,G01,M,00:03:34.10,21002
1,4,G01,M,00:05:08.22,20351
1,5,G01,M,00:06:42.34,20202
1,6,G01,M,00:08:16.44,20042
1,7,G01,M,00:09:50.55,19664
1,8,G01,M,00:11:24.68,19598
1,9,G01,M,00:12:58.80,19348
1,10,G01,M,00:14:32.92,19283
1,11,G01,M,00:16:07.05,19125
1,12,G01,M,00:17:41.20,19038
1,13,G01,M,00:19:15.34,18793
1,14,G01,M,00:20:49.47,19062
1,15,G01,M,00:22:23.62,19028
1,16,G01,M,00:23:57.76,18678
1,17,G01,M,00:25:31.90,18604
1,18,G01,M,00:27:06.03,18663
1,19,G01,M,00:28:40.17,18856
1,20,G01,M,00:30:14.31,18531
1,21,G01,M,00:31:48.45,18549
1,22,G01,M,00:33:22.58,18351
1,23,G01,M,00:34:56.72,18134
1,24,G01,M,00:36:30.86,18283
1,25,G01,M,00:38:05.00,18340
1,26,G01,M,00:39:39.14,18374
1,27,G01,M,00:41:13.28,18189
1,28,G01,M,00:42:47.41,18031
1,29,G01,M,00:44:21.55,18190
1,30,G01,M,00:45:55.69,18105
1,1,G02,M,00:00:26.25,22034
1,2,G02,M,00:02:00.38,21800
1,3,G02,M,00:03:34.51,21195
1,4,G02,M,00:05:08.64,21099
1,5,G02,M,00:06:42.76,21038
1,6,G02,M,00:08:16.85,20988
1,7,G02,M,00:09:50.97,21060
1,8,G02,M,00:11:25.10,20921
1,9,G02,M,00:12:59.21,20922
1,10,G02,M,00:14:33.34,20721
1,11,G02,M,00:16:07.47,20526
1,12,G02,M,00:17:41.61,20685
1,13,G02,M,00:19:15.76,20522
1,14,G02,M,00:20:49.89,20592
1,15,G02,M,00:22:24.03,20120
1,16,G02,M,00:23:58.18,20416
1,17,G02,M,00:25:32.31,20151
1,18,G02,M,00:27:06.44,20437
1,19,G02,M,00:28:40.59,20129
1,20,G02,M,00:30:14.72,20521
1,21,G02,M,00:31:48.86,20201
1,22,G02,M,00:33:23.00,20007
1,23,G02,M,00:34:57.13,20024
1,24,G02,M,00:36:31.27,20197
1,25,G02,M,00:38:05.42,20055
1,26,G02,M,00:39:39.56,20066
1,27,G02,M,00:41:13.69,20297
1,28,G02,M,00:42:47.83,20042
1,29,G02,M,00:44:21.96,20181
1,30,G02,M,00:45:56.10,19830
1,1,G03,M,00:00:26.67,21699
1,2,G03,M,00:02:00.79,21599
1,3,G03,M,00:03:34.92,21425
1,4,G03,M,00:05:09.05,21409
1,5,G03,M,00:06:43.17,21228
1,6,G03,M,00:08:17.26,21010
1,7,G03,M,00:09:51.38,20846
1,8,G03,M,00:11:25.51,21026
1,9,G03,M,00:12:59.63,21100
1,10,G03,M,00:14:33.75,20716
1,11,G03,M,00:16:07.88,20618
1,12,G03,M,00:17:42.03,20754
1,13,G03,M,00:19:16.17,20720
1,14,G03,M,00:20:50.30,20776
1,15,G03,M,00:22:24.45,20673
1,16,G03,M,00:23:58.59,20606
1,17,G03,M,00:25:32.72,20629
1,18,G03,M,00:27:06.86,20422
1,19,G03,M,00:28:41.00,20436
1,20,G03,M,00:30:15.13,20277
1,21,G03,M,00:31:49.28,20589
1,22,G03,M,00:33:23.41,20197
1,23,G03,M,00:34:57.54,20474
1,24,G03,M,00:36:31.69,20111
1,25,G03,M,00:38:05.83,20495
1,26,G03,M,00:39:39.97,20082
1,27,G03,M,00:41:14.11,20320
1,28,G03,M,00:42:48.24,19802
1,29,G03,M,00:44:22.38,20275
1,30,G03,M,00:45:56.52,20269
1,1,G04,M,00:00:27.09,23414
1,2,G04,M,00:02:01.21,23208
1,3,G04,M,00:03:35.34,22868
1,4,G04,M,00:05:09.47,23149
1,5,G04,M,00:06:43.59,22920
1,6,G04,M,00:08:17.68,22688
1,7,G04,M,00:09:51.80,22974
1,8,G04,M,00:11:25.93,22583
1,9,G04,M,00:13:00.04,22778
1,10,G04,M,00:14:34.17,22791
1,11,G04,M,00:16:08.30,22623
1,12,G04,M,00:17:42.44,22656
1,13,G04,M,00:19:16.59,22449
1,14,G04,M,00:20:50.72,22396
1,15,G04,M,00:22:24.86,22267
1,16,G04,M,00:23:59.01,22745
1,17,G04,M,00:25:33.14,22398
1,18,G04,M,00:27:07.27,22438
1,19,G04,M,00:28:41.42,22267
1,20,G04,M,00:30:15.55,22335
1,21,G04,M,00:31:49.69,22323
1,22,G04,M,00:33:23.83,22784
1,23,G04,M,00:34:57.96,22568
1,24,G04,M,00:36:32.10,22295
1,25,G04,M,00:38:06.25,22351
1,26,G04,M,00:39:40.39,22240
1,27,G04,M,00:41:14.52,22445
1,28,G04,M,00:42:48.66,22072
1,29,G04,M,00:44:22.79,22321
1,30,G04,M,00:45:56.94,22515
1,1,G05,M,00:00:27.50,23889
1,2,G05,M,00:02:01.62,23827
1,3,G05,M,00:03:35.75,23748
1,4,G05,M,00:05:09.88,23863
1,5,G05,M,00:06:44.00,23841
1,6,G05,M,00:08:18.09,23812
1,7,G05,M,00:09:52.21,23637
1,8,G05,M,00:11:26.34,23757
1,9,G05,M,00:13:00.46,23944
1,10,G05,M,00:14:34.58,23650
1,11,G05,M,00:16:08.71,23584
1,12,G05,M,00:17:42.86,23899
1,13,G05,M,00:19:17.00,23958
1,14,G05,M,00:20:51.13,23557
1,15,G05,M,00:22:25.28,23657
1,16,G05,M,00:23:59.42,23487
1,17,G05,M,00:25:33.55,23466
1,18,G05,M,00:27:07.69,23789
1,19,G05,M,00:28:41.83,23529
1,20,G05,M,00:30:15.96,23909
1,21,G05,M,00:31:50.11,23584
1,22,G05,M,00:33:24.24,23761
1,23,G05,M,00:34:58.37,23623
1,24,G05,M,00:36:32.52,23304
1,25,G05,M,00:38:06.66,23597
1,26,G05,M,00:39:40.80,23465
1,27,G05,M,00:41:14.94,23437
1,28,G05,M,00:42:49.07,23732
1,29,G05,M,00:44:23.21,23781
1,30,G05,M,00:45:57.35,23646
1,1,G06,M,00:00:27.92,25033
1,2,G06,M,00:02:02.04,24865
1,3,G06,M,00:03:36.17,24616
1,4,G06,M,00:05:10.30,24796
1,5,G06,M,00:06:44.42,24825
1,6,G06,M,00:08:18.51,24854
1,7,G06,M,00:09:52.63,24824
1,8,G06,M,00:11:26.76,24772
1,9,G06,M,00:13:00.87,24507
1,10,G06,M,00:14:35.00,24676
1,11,G06,M,00:16:09.13,24639
1,12,G06,M,00:17:43.27,24651
1,13,G06,M,00:19:17.42,24902
1,14,G06,M,00:20:51.55,24766
1,15,G06,M,00:22:25.69,24947
1,16,G06,M,00:23:59.84,24510
1,17,G06,M,00:25:33.97,24544
1,18,G06,M,00:27:08.10,24636
1,19,G06,M,00:28:42.25,24668
1,20,G06,M,00:30:16.38,24842
1,21,G06,M,00:31:50.52,24767
1,22,G06,M,00:33:24.66,24504
1,23,G06,M,00:34:58.79,24649
1,24,G06,M,00:36:32.93,24444
1,25,G06,M,00:38:07.08,24447
1,26,G06,M,00:39:41.22,24731
1,27,G06,M,00:41:15.36,24617
1,28,G06,M,00:42:49.49,24538
1,29,G06,M,00:44:23.62,24661
1,30,G06,M,00:45:57.77,24650
1,1,G07,M,00:00:28.33,25183
1,2,G07,M,00:02:02.45,25174
1,3,G07,M,00:03:36.58,25296
1,4,G07,M,00:05:10.71,25119
1,5,G07,M,00:06:44.83,25137
1,6,G07,M,00:08:18.92,25568
1,7,G07,M,00:09:53.04,25282
1,8,G07,M,00:11:27.17,25368
1,9,G07,M,00:13:01.29,25373
1,10,G07,M,00:14:35.41,25241
1,11,G07,M,00:16:09.54,25292
1,12,G07,M,00:17:43.69,25211
1,13,G07,M,00:19:17.83,25004
1,14,G07,M,00:20:51.96,24868
1,15,G07,M,00:22:26.11,25101
1,16,G07,M,00:24:00.25,25193
1,17,G07,M,00:25:34.38,24855
1,18,G07,M,00:27:08.52,25082
1,19,G07,M,00:28:42.66,25109
1,20,G07,M,00:30:16.79,25194
1,21,G07,M,00:31:50.94,25017
1,22,G07,M,00:33:25.07,24877
1,23,G07,M,00:34:59.20,25309
1,24,G07,M,00:36:33.35,25263
1,25,G07,M,00:38:07.49,25222
1,26,G07,M,00:39:41.63,25124
1,27,G07,M,00:41:15.77,25062
1,28,G07,M,00:42:49.90,24945
1,29,G07,M,00:44:24.04,25069
1,30,G07,M,00:45:58.18,25152
1,1,G08,M,00:00:28.74,25032
1,2,G08,M,00:02:02.87,25127
1,3,G08,M,00:03:37.00,25292
1,4,G08,M,00:05:11.12,24983
1,5,G08,M,00:06:45.25,25362
1,6,G08,M,00:08:19.34,25045
1,7,G08,M,00:09:53.46,25042
1,8,G08,M,00:11:27.59,25285
1,9,G08,M,00:13:01.70,25030
1,10,G08,M,00:14:35.83,25021
1,11,G08,M,00:16:09.96,25171
1,12,G08,M,00:17:44.10,24869
1,13,G08,M,00:19:18.25,25167
1,14,G08,M,00:20:52.38,24905
1,15,G08,M,00:22:26.52,25255
1,16,G08,M,00:24:00.67,25019
1,17,G08,M,00:25:34.80,24814
1,18,G08,M,00:27:08.93,25182
1,19,G08,M,00:28:43.08,25205
1,20,G08,M,00:30:17.21,25134
1,21,G08,M,00:31:51.35,24991
1,22,G08,M,00:33:25.49,25123
1,23,G08,M,00:34:59.62,24859
1,24,G08,M,00:36:33.76,25138
1,25,G08,M,00:38:07.91,24875
1,26,G08,M,00:39:42.05,25071
1,27,G08,M,00:41:16.18,24798
1,28,G08,M,00:42:50.32,25265
1,29,G08,M,00:44:24.45,25284
1,30,G08,M,00:45:58.59,25108
1,1,G09,M,00:00:29.16,25864
1,2,G09,M,00:02:03.28,25873
1,3,G09,M,00:03:37.41,25476
1,4,G09,M,00:05:11.54,25751
1,5,G09,M,00:06:45.66,25819
1,6,G09,M,00:08:19.75,25930
1,7,G09,M,00:09:53.87,25850
1,8,G09,M,00:11:28.00,25879
1,9,G09,M,00:13:02.12,25399
1,10,G09,M,00:14:36.24,25845
1,11,G09,M,00:16:10.37,25751
1,12,G09,M,00:17:44.52,25650
1,13,G09,M,00:19:18.66,25376
1,14,G09,M,00:20:52.79,25266
1,15,G09,M,00:22:26.94,25371
1,16,G09,M,00:24:01.08,25434
1,17,G09,M,00:25:35.21,25837
1,18,G09,M,00:27:09.35,25530
1,19,G09,M,00:28:43.49,25683
1,20,G09,M,00:30:17.62,25266
1,21,G09,M,00:31:51.77,25533
1,22,G09,M,00:33:25.90,25490
1,23,G09,M,00:35:00.03,25481
1,24,G09,M,00:36:34.18,25785
1,25,G09,M,00:38:08.32,25419
1,26,G09,M,00:39:42.46,26147
1,27,G09,M,00:41:16.60,25707
1,28,G09,M,00:42:50.73,25239
1,29,G09,M,00:44:24.87,25422
1,30,G09,M,00:45:59.01,25492
1,1,G10,M,00:00:29.57,26044
1,2,G10,M,00:02:03.70,26080
1,3,G10,M,00:03:37.83,26142
1,4,G10,M,00:05:11.96,26086
1,5,G10,M,00:06:46.08,25855
1,6,G10,M,00:08:20.17,26051
1,7,G10,M,00:09:54.29,25824
1,8,G10,M,00:11:28.42,25526
1,9,G10,M,00:13:02.53,25563
1,10,G10,M,00:14:36.66,25617
1,11,G10,M,00:16:10.79,25672
1,12,G10,M,00:17:44.93,25805
1,13,G10,M,00:19:19.08,25895
1,14,G10,M,00:20:53.21,25355
1,15,G10,M,00:22:27.35,25625
1,16,G10,M,00:24:01.50,25756
1,17,G10,M,00:25:35.63,25967
1,18,G10,M,00:27:09.76,25640
1,19,G10,M,00:28:43.91,25525
1,20,G10,M,00:30:18.04,25625
1,21,G10,M,00:31:52.18,25440
1,22,G10,M,00:33:26.32,25527
1,23,G10,M,00:35:00.45,25586
1,24,G10,M,00:36:34.59,25621
1,25,G10,M,00:38:08.74,25751
1,26,G10,M,00:39:42.88,25938
1,27,G10,M,00:41:17.02,25589
1,28,G10,M,00:42:51.15,25667
1,29,G10,M,00:44:25.28,25533
1,30,G10,M,00:45:59.42,25656
1,1,G11,M,00:00:29.99,26163
1,2,G11,M,00:02:04.11,25571
1,3,G11,M,00:03:38.24,25652
1,4,G11,M,00:05:12.37,26110
1,5,G11,M,00:06:46.49,25644
1,6,G11,M,00:08:20.58,25607
1,7,G11,M,00:09:54.70,25984
1,8,G11,M,00:11:28.83,25821
1,9,G11,M,00:13:02.95,25835
1,10,G11,M,00:14:37.07,25724
1,11,G11,M,00:16:11.20,25712
1,12,G11,M,00:17:45.35,25557
1,13,G11,M,00:19:19.49,25599
1,14,G11,M,00:20:53.62,25853
1,15,G11,M,00:22:27.77,25643
1,16,G11,M,00:24:01.91,25721
1,17,G11,M,00:25:36.04,25886
1,18,G11,M,00:27:10.18,25805
1,19,G11,M,00:28:44.32,25663
1,20,G11,M,00:30:18.45,25789
1,21,G11,M,00:31:52.60,25446
1,22,G11,M,00:33:26.73,25420
1,23,G11,M,00:35:00.86,25648
1,24,G11,M,00:36:35.01,25796
1,25,G11,M,00:38:09.15,25688
1,26,G11,M,00:39:43.29,25530
1,27,G11,M,00:41:17.43,25493
1,28,G11,M,00:42:51.56,25680
1,29,G11,M,00:44:25.70,25623
1,30,G11,M,00:45:59.84,25302
1,1,G12,M,00:00:30.41,26066
1,2,G12,M,00:02:04.53,26653
1,3,G12,M,00:03:38.66,26105
1,4,G12,M,00:05:12.79,26302
1,5,G12,M,00:06:46.91,26292
1,6,G12,M,00:08:21.00,26146
1,7,G12,M,00:09:55.12,26442
1,8,G12,M,00:11:29.25,26645
1,9,G12,M,00:13:03.36,26443
1,10,G12,M,00:14:37.49,26224
1,11,G12,M,00:16:11.62,26313
1,12,G12,M,00:17:45.76,25985
1,13,G12,M,00:19:19.91,26340
1,14,G12,M,00:20:54.04,26619
1,15,G12,M,00:22:28.18,26288
1,16,G12,M,00:24:02.33,26505
1,17,G12,M,00:25:36.46,26210
1,18,G12,M,00:27:10.59,26483
1,19,G12,M,00:28:44.74,26600
1,20,G12,M,00:30:18.87,26272
1,21,G12,M,00:31:53.01,26646
1,22,G12,M,00:33:27.15,26187
1,23,G12,M,00:35:01.28,26332
1,24,G12,M,00:36:35.42,26467
1,25,G12,M,00:38:09.57,26383
1,26,G12,M,00:39:43.71,26353
1,27,G12,M,00:41:17.85,26295
1,28,G12,M,00:42:51.98,26201
1,29,G12,M,00:44:26.11,26272
1,30,G12,M,00:46:00.26,26242
1,1,H01,M,00:00:33.26,3461
1,2,H01,M,00:02:07.38,3543
1,3,H01,M,00:03:41.51,3454
1,4,H01,M,00:05:15.64,3344
1,5,H01,M,00:06:49.76,3549
1,6,H01,M,00:08:23.85,3513
1,7,H01,M,00:09:57.97,3471
1,8,H01,M,00:11:32.10,3359
1,9,H01,M,00:13:06.22,3518
1,10,H01,M,00:14:40.34,3414
1,11,H01,M,00:16:14.47,3512
1,12,H01,M,00:17:48.62,3467
1,13,H01,M,00:19:22.76,3516
1,14,H01,M,00:20:56.89,3468
1,15,H01,M,00:22:31.04,3525
1,16,H01,M,00:24:05.18,3392
1,17,H01,M,00:25:39.31,3462
1,18,H01,M,00:27:13.45,3388
1,19,H01,M,00:28:47.59,3438
1,20,H01,M,00:30:21.72,3397
1,21,H01,M,00:31:55.87,3392
1,22,H01,M,00:33:30.00,3425
1,23,H01,M,00:35:04.13,3468
1,24,H01,M,00:36:38.28,3454
1,25,H01,M,00:38:12.42,3479
1,26,H01,M,00:39:46.56,3454
1,27,H01,M,00:41:20.70,3499
1,28,H01,M,00:42:54.83,3417
1,29,H01,M,00:44:28.97,3491
1,30,H01,M,00:46:03.11,3419
1,1,H02,M,00:00:33.67,2038
1,2,H02,M,00:02:07.80,2159
1,3,H02,M,00:03:41.92,2067
1,4,H02,M,00:05:16.05,2031
1,5,H02,M,00:06:50.18,1944
1,6,H02,M,00:08:24.26,2042
1,7,H02,M,00:09:58.38,1982
1,8,H02,M,00:11:32.52,1995
1,9,H02,M,00:13:06.63,2049
1,10,H02,M,00:14:40.75,1969
1,11,H02,M,00:16:14.89,2025
1,12,H02,M,00:17:49.03,1993
1,13,H02,M,00:19:23.18,1979
1,14,H02,M,00:20:57.31,2004
1,15,H02,M,00:22:31.45,1946
1,16,H02,M,00:24:05.59,2032
1,17,H02,M,00:25:39.73,1995
1,18,H02,M,00:27:13.86,2035
1,19,H02,M,00:28:48.01,1996
1,20,H02,M,00:30:22.14,1976
1,21,H02,M,00:31:56.28,1968
1,22,H02,M,00:33:30.42,2005
1,23,H02,M,00:35:04.55,1980
1,24,H02,M,00:36:38.69,2015
1,25,H02,M,00:38:12.84,2007
1,26,H02,M,00:39:46.98,2063
1,27,H02,M,00:41:21.11,2043
1,28,H02,M,00:42:55.25,1978
1,29,H02,M,00:44:29.38,1998
1,30,H02,M,00:46:03.52,1996
1,1,H03,M,00:00:34.08,1163
1,2,H03,M,00:02:08.21,1139
1,3,H03,M,00:03:42.34,1120
1,4,H03,M,00:05:16.46,1218
1,5,H03,M,00:06:50.59,1160
1,6,H03,M,00:08:24.68,1145
1,7,H03,M,00:09:58.79,1164
1,8,H03,M,00:11:32.93,1218
1,9,H03,M,00:13:07.04,1121
1,10,H03,M,00:14:41.16,1128
1,11,H03,M,00:16:15.30,1193
1,12,H03,M,00:17:49.45,1202
1,13,H03,M,00:19:23.59,1218
1,14,H03,M,00:20:57.72,1171
1,15,H03,M,00:22:31.86,1125
1,16,H03,M,00:24:06.01,1197
1,17,H03,M,00:25:40.14,1174
1,18,H03,M,00:27:14.27,1187
1,19,H03,M,00:28:48.42,1148
1,20,H03,M,00:30:22.55,1127
1,21,H03,M,00:31:56.69,1160
1,22,H03,M,00:33:30.83,1146
1,23,H03,M,00:35:04.96,1203
1,24,H03,M,00:36:39.11,1196
1,25,H03,M,00:38:13.25,1195
1,26,H03,M,00:39:47.39,1178
1,27,H03,M,00:41:21.53,1240
1,28,H03,M,00:42:55.66,1199
1,29,H03,M,00:44:29.79,1198
1,30,H03,M,00:46:03.93,1167
1,1,H04,M,00:00:34.50,702
1,2,H04,M,00:02:08.63,669
1,3,H04,M,00:03:42.75,707
1,4,H04,M,00:05:16.88,733
1,5,H04,M,00:06:51.00,735
1,6,H04,M,00:08:25.09,716
1,7,H04,M,00:09:59.21,707
1,8,H04,M,00:11:33.35,724
1,9,H04,M,00:13:07.46,701
1,10,H04,M,00:14:41.58,730
1,11,H04,M,00:16:15.72,701
1,12,H04,M,00:17:49.86,680
1,13,H04,M,00:19:24.01,694
1,14,H04,M,00:20:58.14,746
1,15,H04,M,00:22:32.28,694
1,16,H04,M,00:24:06.42,676
1,17,H04,M,00:25:40.56,713
1,18,H04,M,00:27:14.69,733
1,19,H04,M,00:28:48.84,724
1,20,H04,M,00:30:22.97,691
1,21,H04,M,00:31:57.11,732
1,22,H04,M,00:33:31.25,714
1,23,H04,M,00:35:05.38,698
1,24,H04,M,00:36:39.52,676
1,25,H04,M,00:38:13.67,707
1,26,H04,M,00:39:47.81,667
1,27,H04,M,00:41:21.94,682
1,28,H04,M,00:42:56.08,677
1,29,H04,M,00:44:30.21,712
1,30,H04,M,00:46:04.35,693
1,1,H05,M,00:00:34.91,404
1,2,H05,M,00:02:09.05,418
1,3,H05,M,00:03:43.17,410
1,4,H05,M,00:05:17.29,425
1,5,H05,M,00:06:51.41,461
1,6,H05,M,00:08:25.51,435
1,7,H05,M,00:09:59.62,443
1,8,H05,M,00:11:33.76,457
1,9,H05,M,00:13:07.87,428
1,10,H05,M,00:14:41.99,424
1,11,H05,M,00:16:16.13,450
1,12,H05,M,00:17:50.28,394
1,13,H05,M,00:19:24.42,425
1,14,H05,M,00:20:58.55,428
1,15,H05,M,00:22:32.69,423
1,16,H05,M,00:24:06.84,409
1,17,H05,M,00:25:40.97,415
1,18,H05,M,00:27:15.10,423
1,19,H05,M,00:28:49.25,408
1,20,H05,M,00:30:23.38,445
1,21,H05,M,00:31:57.52,436
1,22,H05,M,00:33:31.66,406
1,23,H05,M,00:35:05.79,428
1,24,H05,M,00:36:39.94,430
1,25,H05,M,00:38:14.08,401
1,26,H05,M,00:39:48.22,402
1,27,H05,M,00:41:22.36,444
1,28,H05,M,00:42:56.49,436
1,29,H05,M,00:44:30.62,424
1,30,H05,M,00:46:04.76,421
1,1,H06,M,00:00:35.33,281
1,2,H06,M,00:02:09.46,270
1,3,H06,M,00:03:43.58,288
1,4,H06,M,00:05:17.71,260
1,5,H06,M,00:06:51.82,263
1,6,H06,M,00:08:25.92,258
1,7,H06,M,00:10:00.04,269
1,8,H06,M,00:11:34.17,267
1,9,H06,M,00:13:08.29,289
1,10,H06,M,00:14:42.41,273
1,11,H06,M,00:16:16.55,264
1,12,H06,M,00:17:50.69,271
1,13,H06,M,00:19:24.83,301
1,14,H06,M,00:20:58.97,265
1,15,H06,M,00:22:33.11,282
1,16,H06,M,00:24:07.25,255
1,17,H06,M,00:25:41.39,259
1,18,H06,M,00:27:15.52,269
1,19,H06,M,00:28:49.67,265
1,20,H06,M,00:30:23.80,255
1,21,H06,M,00:31:57.94,278
1,22,H06,M,00:33:32.08,290
1,23,H06,M,00:35:06.21,276
1,24,H06,M,00:36:40.35,290
1,25,H06,M,00:38:14.50,275
1,26,H06,M,00:39:48.64,278
1,27,H06,M,00:41:22.77,296
1,28,H06,M,00:42:56.91,277
1,29,H06,M,00:44:31.04,275
1,30,H06,M,00:46:05.18,250
1,1,H07,M,00:00:35.74,201
1,2,H07,M,00:02:09.88,198
1,3,H07,M,00:03:44.00,198
1,4,H07,M,00:05:18.12,193
1,5,H07,M,00:06:52.23,179
1,6,H07,M,00:08:26.34,202
1,7,H07,M,00:10:00.45,207
1,8,H07,M,00:11:34.59,192
1,9,H07,M,00:13:08.70,195
1,10,H07,M,00:14:42.82,164
1,11,H07,M,00:16:16.96,190
1,12,H07,M,00:17:51.11,193
1,13,H07,M,00:19:25.25,200
1,14,H07,M,00:20:59.38,193
1,15,H07,M,00:22:33.52,167
1,16,H07,M,00:24:07.66,183
1,17,H07,M,00:25:41.80,184
1,18,H07,M,00:27:15.93,185
1,19,H07,M,00:28:50.08,181
1,20,H07,M,00:30:24.21,186
1,21,H07,M,00:31:58.35,204
1,22,H07,M,00:33:32.49,203
1,23,H07,M,00:35:06.62,192
1,24,H07,M,00:36:40.77,180
1,25,H07,M,00:38:14.91,202
1,26,H07,M,00:39:49.05,210
1,27,H07,M,00:41:23.19,193
1,28,H07,M,00:42:57.32,194
1,29,H07,M,00:44:31.45,161
1,30,H07,M,00:46:05.59,167
1,1,H08,M,00:00:36.15,147
1,2,H08,M,00:02:10.29,122
1,3,H08,M,00:03:44.41,151
1,4,H08,M,00:05:18.53,123
1,5,H08,M,00:06:52.64,144
1,6,H08,M,00:08:26.75,158
1,7,H08,M,00:10:00.87,153
1,8,H08,M,00:11:35.00,180
1,9,H08,M,00:13:09.11,146
1,10,H08,M,00:14:43.24,153
1,11,H08,M,00:16:17.38,177
1,12,H08,M,00:17:51.52,145
1,13,H08,M,00:19:25.67,180
1,14,H08,M,00:20:59.80,143
1,15,H08,M,00:22:33.94,154
1,16,H08,M,00:24:08.08,150
1,17,H08,M,00:25:42.22,144
1,18,H08,M,00:27:16.35,153
1,19,H08,M,00:28:50.50,140
1,20,H08,M,00:30:24.63,144
1,21,H08,M,00:31:58.77,139
1,22,H08,M,00:33:32.91,158
1,23,H08,M,00:35:07.04,141
1,24,H08,M,00:36:41.18,142
1,25,H08,M,00:38:15.33,141
1,26,H08,M,00:39:49.47,146
1,27,H08,M,00:41:23.60,144
1,28,H08,M,00:42:57.73,141
1,29,H08,M,00:44:31.87,129
1,30,H08,M,00:46:06.01,153
1,1,H09,M,00:00:36.57,140
1,2,H09,M,00:02:10.70,138
1,3,H09,M,00:03:44.83,142
1,4,H09,M,00:05:18.95,166
1,5,H09,M,00:06:53.05,149
1,6,H09,M,00:08:27.17,138
1,7,H09,M,00:10:01.29,159
1,8,H09,M,00:11:35.41,138
1,9,H09,M,00:13:09.53,137
1,10,H09,M,00:14:43.65,130
1,11,H09,M,00:16:17.79,129
1,12,H09,M,00:17:51.94,151
1,13,H09,M,00:19:26.08,147
1,14,H09,M,00:21:00.21,121
1,15,H09,M,00:22:34.35,150
1,16,H09,M,00:24:08.49,132
1,17,H09,M,00:25:42.63,145
1,18,H09,M,00:27:16.76,140
1,19,H09,M,00:28:50.91,118
1,20,H09,M,00:30:25.04,136
1,21,H09,M,00:31:59.18,120
1,22,H09,M,00:33:33.32,128
1,23,H09,M,00:35:07.45,149
1,24,H09,M,00:36:41.60,121
1,25,H09,M,00:38:15.74,128
1,26,H09,M,00:39:49.88,135
1,27,H09,M,00:41:24.02,121
1,28,H09,M,00:42:58.15,155
1,29,H09,M,00:44:32.28,143
1,30,H09,M,00:46:06.42,144
1,1,H10,M,00:00:36.98,116
1,2,H10,M,00:02:11.12,122
1,3,H10,M,00:03:45.24,105
1,4,H10,M,00:05:19.36,107
1,5,H10,M,00:06:53.46,126
1,6,H10,M,00:08:27.58,120
1,7,H10,M,00:10:01.70,108
1,8,H10,M,00:11:35.82,132
1,9,H10,M,00:13:09.94,107
1,10,H10,M,00:14:44.07,114
1,11,H10,M,00:16:18.21,131
1,12,H10,M,00:17:52.35,129
1,13,H10,M,00:19:26.49,139
1,14,H10,M,00:21:00.63,145
1,15,H10,M,00:22:34.77,114
1,16,H10,M,00:24:08.91,114
1,17,H10,M,00:25:43.05,117
1,18,H10,M,00:27:17.18,112
1,19,H10,M,00:28:51.33,132
1,20,H10,M,00:30:25.46,113
1,21,H10,M,00:31:59.60,117
1,22,H10,M,00:33:33.74,125
1,23,H10,M,00:35:07.87,117
1,24,H10,M,00:36:42.01,115
1,25,H10,M,00:38:16.16,115
1,26,H10,M,00:39:50.30,109
1,27,H10,M,00:41:24.43,117
1,28,H10,M,00:42:58.56,124
1,29,H10,M,00:44:32.70,123
1,30,H10,M,00:46:06.84,140
1,1,H11,M,00:00:37.40,102
1,2,H11,M,00:02:11.53,107
1,3,H11,M,00:03:45.66,112
1,4,H11,M,00:05:19.78,107
1,5,H11,M,00:06:53.87,91
1,6,H11,M,00:08:28.00,93
1,7,H11,M,00:10:02.11,93
1,8,H11,M,00:11:36.23,109
1,9,H11,M,00:13:10.36,108
1,10,H11,M,00:14:44.49,115
1,11,H11,M,00:16:18.62,124
1,12,H11,M,00:17:52.77,91
1,13,H11,M,00:19:26.91,96
1,14,H11,M,00:21:01.04,102
1,15,H11,M,00:22:35.18,104
1,16,H11,M,00:24:09.33,113
1,17,H11,M,00:25:43.46,124
1,18,H11,M,00:27:17.59,105
1,19,H11,M,00:28:51.74,106
1,20,H11,M,00:30:25.87,111
1,21,H11,M,00:32:00.01,112
1,22,H11,M,00:33:34.15,113
1,23,H11,M,00:35:08.28,114
1,24,H11,M,00:36:42.43,124
1,25,H11,M,00:38:16.57,100
1,26,H11,M,00:39:50.71,113
1,27,H11,M,00:41:24.85,113
1,28,H11,M,00:42:58.98,90
1,29,H11,M,00:44:33.11,91
1,30,H11,M,00:46:07.26,106
1,1,H12,M,00:00:37.81,11
1,2,H12,M,00:02:11.95,11
1,3,H12,M,00:03:46.07,14
1,4,H12,M,00:05:20.19,16
1,5,H12,M,00:06:54.29,15
1,6,H12,M,00:08:28.41,7
1,7,H12,M,00:10:02.53,23
1,8,H12,M,00:11:36.64,12
1,9,H12,M,00:13:10.77,16
1,10,H12,M,00:14:44.90,10
1,11,H12,M,00:16:19.04,9
1,12,H12,M,00:17:53.18,18
1,13,H12,M,00:19:27.32,16
1,14,H12,M,00:21:01.46,14
1,15,H12,M,00:22:35.60,13
1,16,H12,M,00:24:09.74,23
1,17,H12,M,00:25:43.88,12
1,18,H12,M,00:27:18.01,13
1,19,H12,M,00:28:52.16,7
1,20,H12,M,00:30:26.29,17
1,21,H12,M,00:32:00.43,16
1,22,H12,M,00:33:34.57,20
1,23,H12,M,00:35:08.70,9
1,24,H12,M,00:36:42.84,16
1,25,H12,M,00:38:16.99,25
1,26,H12,M,00:39:51.13,16
1,27,H12,M,00:41:25.26,17
1,28,H12,M,00:42:59.39,20
1,29,H12,M,00:44:33.53,17
1,30,H12,M,00:46:07.67,17