Plate,Repeat,Well,Type,Time,Fluorescein High Count (0.1s) (RFU)
1,1,A01,M,00:00:10.69,14972722
1,2,A01,M,00:00:38.48,14762999
1,3,A01,M,00:01:06.27,14509007
1,4,A01,M,00:01:34.05,14293951
1,5,A01,M,00:02:01.84,14144525
1,6,A01,M,00:02:29.62,14076421
1,7,A01,M,00:02:57.43,13962254
1,8,A01,M,00:03:25.22,13847923
1,9,A01,M,00:03:53.01,13793217
1,10,A01,M,00:04:20.79,13651248
1,11,A01,M,00:04:48.59,13653372
1,12,A01,M,00:05:16.37,13565245
1,13,A01,M,00:05:44.16,13569603
1,14,A01,M,00:06:11.94,13580058
1,15,A01,M,00:06:39.75,13573185
1,16,A01,M,00:07:07.53,13550019
1,17,A01,M,00:07:35.32,13511655
1,18,A01,M,00:08:03.13,13498143
1,19,A01,M,00:08:30.92,13515817
1,20,A01,M,00:08:58.70,13434202
1,1,A02,M,00:00:11.16,5764432
1,2,A02,M,00:00:38.95,5647134
1,3,A02,M,00:01:06.73,5537108
1,4,A02,M,00:01:34.52,5438872
1,5,A02,M,00:02:02.30,5377019
1,6,A02,M,00:02:30.09,5336737
1,7,A02,M,00:02:57.90,5323741
1,8,A02,M,00:03:25.69,5297446
1,9,A02,M,00:03:53.47,5256456
1,10,A02,M,00:04:21.26,5241097
1,11,A02,M,00:04:49.05,5248756
1,12,A02,M,00:05:16.84,5264137
1,13,A02,M,00:05:44.62,5278696
1,14,A02,M,00:06:12.41,5292764
1,15,A02,M,00:06:40.21,5301732
1,16,A02,M,00:07:08.00,5298684
1,17,A02,M,00:07:35.78,5292242
1,18,A02,M,00:08:03.60,5304644
1,19,A02,M,00:08:31.39,5301516
1,20,A02,M,00:08:59.17,5275424
1,1,A03,M,00:00:11.62,2069488
1,2,A03,M,00:00:39.42,2032110
1,3,A03,M,00:01:07.20,2003713
1,4,A03,M,00:01:34.98,1987793
1,5,A03,M,00:02:02.77,1977883
1,6,A03,M,00:02:30.55,1975864
1,7,A03,M,00:02:58.36,1973762
1,8,A03,M,00:03:26.16,1954997
1,9,A03,M,00:03:53.94,1968711
1,10,A03,M,00:04:21.72,1951473
1,11,A03,M,00:04:49.52,1966221
1,12,A03,M,00:05:17.31,1969487
1,13,A03,M,00:05:45.09,1979493
1,14,A03,M,00:06:12.87,1987467
1,15,A03,M,00:06:40.68,2000291
1,16,A03,M,00:07:08.47,2005323
1,17,A03,M,00:07:36.25,2003077
1,18,A03,M,00:08:04.07,1991496
1,19,A03,M,00:08:31.85,2006492
1,20,A03,M,00:08:59.64,2020079
1,1,A04,M,00:00:12.09,781739
1,2,A04,M,00:00:39.88,766736
1,3,A04,M,00:01:07.66,761521
1,4,A04,M,00:01:35.45,759772
1,5,A04,M,00:02:03.23,769660
1,6,A04,M,00:02:31.02,763101
1,7,A04,M,00:02:58.83,765811
1,8,A04,M,00:03:26.62,754811
1,9,A04,M,00:03:54.40,754161
1,10,A04,M,00:04:22.19,761516
1,11,A04,M,00:04:49.98,761914
1,12,A04,M,00:05:17.77,772996
1,13,A04,M,00:05:45.55,781719
1,14,A04,M,00:06:13.36,791589
1,15,A04,M,00:06:41.15,789157
1,16,A04,M,00:07:08.93,781538
1,17,A04,M,00:07:36.71,770190
1,18,A04,M,00:08:04.53,768774
1,19,A04,M,00:08:32.32,772992
1,20,A04,M,00:09:00.10,787988
1,1,A05,M,00:00:12.55,332393
1,2,A05,M,00:00:40.35,330633
1,3,A05,M,00:01:08.13,327061
1,4,A05,M,00:01:35.91,323896
1,5,A05,M,00:02:03.70,319586
1,6,A05,M,00:02:31.48,324091
1,7,A05,M,00:02:59.29,318241
1,8,A05,M,00:03:27.09,324021
1,9,A05,M,00:03:54.87,324401
1,10,A05,M,00:04:22.65,323879
1,11,A05,M,00:04:50.45,322270
1,12,A05,M,00:05:18.24,324900
1,13,A05,M,00:05:46.02,324555
1,14,A05,M,00:06:13.83,329248
1,15,A05,M,00:06:41.61,328494
1,16,A05,M,00:07:09.40,327385
1,17,A05,M,00:07:37.18,329091
1,18,A05,M,00:08:05.00,325932
1,19,A05,M,00:08:32.78,326171
1,20,A05,M,00:09:00.57,333772
1,1,A06,M,00:00:13.02,140487
1,2,A06,M,00:00:40.81,140793
1,3,A06,M,00:01:08.59,139075
1,4,A06,M,00:01:36.38,139730
1,5,A06,M,00:02:04.16,136826
1,6,A06,M,00:02:31.95,138688
1,7,A06,M,00:02:59.76,137007
1,8,A06,M,00:03:27.55,136694
1,9,A06,M,00:03:55.33,138603
1,10,A06,M,00:04:23.12,135904
1,11,A06,M,00:04:50.92,139438
1,12,A06,M,00:05:18.70,138792
1,13,A06,M,00:05:46.48,138456
1,14,A06,M,00:06:14.29,137760
1,15,A06,M,00:06:42.08,140134
1,16,A06,M,00:07:09.86,141740
1,17,A06,M,00:07:37.64,138185
1,18,A06,M,00:08:05.46,139872
1,19,A06,M,00:08:33.25,138318
1,20,A06,M,00:09:01.03,141389
1,1,A07,M,00:00:13.48,70928
1,2,A07,M,00:00:41.28,70478
1,3,A07,M,00:01:09.06,69505
1,4,A07,M,00:01:36.84,70259
1,5,A07,M,00:02:04.63,70936
1,6,A07,M,00:02:32.41,69439
1,7,A07,M,00:03:00.22,68664
1,8,A07,M,00:03:28.02,68495
1,9,A07,M,00:03:55.80,69235
1,10,A07,M,00:04:23.58,67078
1,11,A07,M,00:04:51.38,70456
1,12,A07,M,00:05:19.17,69859
1,13,A07,M,00:05:46.95,67617
1,14,A07,M,00:06:14.76,70113
1,15,A07,M,00:06:42.54,68653
1,16,A07,M,00:07:10.33,68999
1,17,A07,M,00:07:38.11,69569
1,18,A07,M,00:08:05.93,70255
1,19,A07,M,00:08:33.71,70472
1,20,A07,M,00:09:01.50,70511
1,1,A08,M,00:00:13.95,34421
1,2,A08,M,00:00:41.74,35032
1,3,A08,M,00:01:09.52,35726
1,4,A08,M,00:01:37.31,35150
1,5,A08,M,00:02:05.09,34832
1,6,A08,M,00:02:32.88,34906
1,7,A08,M,00:03:00.69,33645
1,8,A08,M,00:03:28.48,36086
1,9,A08,M,00:03:56.26,34030
1,10,A08,M,00:04:24.05,34296
1,11,A08,M,00:04:51.85,34923
1,12,A08,M,00:05:19.63,34497
1,13,A08,M,00:05:47.41,34996
1,14,A08,M,00:06:15.22,33430
1,15,A08,M,00:06:43.01,35054
1,16,A08,M,00:07:10.79,35417
1,17,A08,M,00:07:38.57,35575
1,18,A08,M,00:08:06.39,33423
1,19,A08,M,00:08:34.18,35211
1,20,A08,M,00:09:01.96,35185
1,1,A09,M,00:00:14.41,24223
1,2,A09,M,00:00:42.21,23575
1,3,A09,M,00:01:09.99,23888
1,4,A09,M,00:01:37.77,24507
1,5,A09,M,00:02:05.56,24076
1,6,A09,M,00:02:33.34,23921
1,7,A09,M,00:03:01.15,23358
1,8,A09,M,00:03:28.95,23569
1,9,A09,M,00:03:56.73,23116
1,10,A09,M,00:04:24.51,24703
1,11,A09,M,00:04:52.31,24219
1,12,A09,M,00:05:20.10,24129
1,13,A09,M,00:05:47.88,24245
1,14,A09,M,00:06:15.69,23677
1,15,A09,M,00:06:43.47,24710
1,16,A09,M,00:07:11.26,23460
1,17,A09,M,00:07:39.04,23435
1,18,A09,M,00:08:06.86,24677
1,19,A09,M,00:08:34.64,23874
1,20,A09,M,00:09:02.43,24099
1,1,A10,M,00:00:14.88,10066
1,2,A10,M,00:00:42.67,10098
1,3,A10,M,00:01:10.45,10413
1,4,A10,M,00:01:38.24,11423
1,5,A10,M,00:02:06.02,10101
1,6,A10,M,00:02:33.81,9774
1,7,A10,M,00:03:01.62,10746
1,8,A10,M,00:03:29.41,10047
1,9,A10,M,00:03:57.19,11007
1,10,A10,M,00:04:24.98,10219
1,11,A10,M,00:04:52.78,9624
1,12,A10,M,00:05:20.56,11042
1,13,A10,M,00:05:48.34,10690
1,14,A10,M,00:06:16.15,10546
1,15,A10,M,00:06:43.94,10918
1,16,A10,M,00:07:11.72,10577
1,17,A10,M,00:07:39.50,9703
1,18,A10,M,00:08:07.32,10616
1,19,A10,M,00:08:35.11,10812
1,20,A10,M,00:09:02.89,11010
1,1,A11,M,00:00:15.34,6111
1,2,A11,M,00:00:43.14,5685
1,3,A11,M,00:01:10.92,5696
1,4,A11,M,00:01:38.70,6170
1,5,A11,M,00:02:06.49,5722
1,6,A11,M,00:02:34.27,5505
1,7,A11,M,00:03:02.08,5649
1,8,A11,M,00:03:29.88,5922
1,9,A11,M,00:03:57.66,5914
1,10,A11,M,00:04:25.44,5981
1,11,A11,M,00:04:53.24,5650
1,12,A11,M,00:05:21.03,5568
1,13,A11,M,00:05:48.81,5879
1,14,A11,M,00:06:16.62,6558
1,15,A11,M,00:06:44.40,5995
1,16,A11,M,00:07:12.19,5611
1,17,A11,M,00:07:39.97,5735
1,18,A11,M,00:08:07.79,6081
1,19,A11,M,00:08:35.57,6107
1,20,A11,M,00:09:03.36,6214
1,1,A12,M,00:00:15.81,5310
1,2,A12,M,00:00:43.60,5431
1,3,A12,M,00:01:11.38,5813
1,4,A12,M,00:01:39.17,4747
1,5,A12,M,00:02:06.95,5168
1,6,A12,M,00:02:34.74,5646
1,7,A12,M,00:03:02.55,4926
1,8,A12,M,00:03:30.34,4902
1,9,A12,M,00:03:58.12,5123
1,10,A12,M,00:04:25.91,5438
1,11,A12,M,00:04:53.71,5005
1,12,A12,M,00:05:21.49,5485
1,13,A12,M,00:05:49.27,4826
1,14,A12,M,00:06:17.08,5219
1,15,A12,M,00:06:44.87,5483
1,16,A12,M,00:07:12.65,4891
1,17,A12,M,00:07:40.44,5176
1,18,A12,M,00:08:08.25,5068
1,19,A12,M,00:08:36.04,5001
1,20,A12,M,00:09:03.82,5048
1,1,B01,M,00:00:18.71,15199379
1,2,B01,M,00:00:46.50,14949753
1,3,B01,M,00:01:14.29,14732207
1,4,B01,M,00:01:42.07,14546346
1,5,B01,M,00:02:09.86,14400929
1,6,B01,M,00:02:37.64,14217001
1,7,B01,M,00:03:05.45,14144296
1,8,B01,M,00:03:33.24,13998188
1,9,B01,M,00:04:01.03,13936811
1,10,B01,M,00:04:28.81,13866108
1,11,B01,M,00:04:56.61,13810748
1,12,B01,M,00:05:24.40,13774167
1,13,B01,M,00:05:52.18,13778657
1,14,B01,M,00:06:19.99,13764247
1,15,B01,M,00:06:47.77,13729136
1,16,B01,M,00:07:15.56,13688733
1,17,B01,M,00:07:43.34,13679376
1,18,B01,M,00:08:11.16,13651737
1,19,B01,M,00:08:38.94,13637024
1,20,B01,M,00:09:06.73,13627091
1,1,B02,M,00:00:19.18,5903606
1,2,B02,M,00:00:46.97,5816756
1,3,B02,M,00:01:14.75,5734806
1,4,B02,M,00:01:42.54,5625218
1,5,B02,M,00:02:10.32,5589693
1,6,B02,M,00:02:38.11,5542083
1,7,B02,M,00:03:05.92,5525970
1,8,B02,M,00:03:33.71,5474942
1,9,B02,M,00:04:01.49,5437001
1,10,B02,M,00:04:29.28,5424930
1,11,B02,M,00:04:57.08,5388736
1,12,B02,M,00:05:24.86,5402433
1,13,B02,M,00:05:52.64,5426841
1,14,B02,M,00:06:20.45,5427371
1,15,B02,M,00:06:48.24,5429040
1,16,B02,M,00:07:16.02,5448832
1,17,B02,M,00:07:43.81,5391564
1,18,B02,M,00:08:11.62,5405157
1,19,B02,M,00:08:39.41,5406882
1,20,B02,M,00:09:07.19,5415575
1,1,B03,M,00:00:19.64,2008867
1,2,B03,M,00:00:47.44,1999861
1,3,B03,M,00:01:15.22,1974659
1,4,B03,M,00:01:43.01,1968823
1,5,B03,M,00:02:10.79,1964244
1,6,B03,M,00:02:38.57,1962305
1,7,B03,M,00:03:06.38,1940300
1,8,B03,M,00:03:34.18,1952003
1,9,B03,M,00:04:01.96,1940667
1,10,B03,M,00:04:29.74,1944405
1,11,B03,M,00:04:57.54,1935821
1,12,B03,M,00:05:25.33,1951794
1,13,B03,M,00:05:53.11,1967810
1,14,B03,M,00:06:20.92,1958645
1,15,B03,M,00:06:48.70,1971734
1,16,B03,M,00:07:16.49,1982757
1,17,B03,M,00:07:44.27,1962881
1,18,B03,M,00:08:12.09,1980811
1,19,B03,M,00:08:39.87,1980229
1,20,B03,M,00:09:07.66,1989662
1,1,B04,M,00:00:20.11,766812
1,2,B04,M,00:00:47.90,761475
1,3,B04,M,00:01:15.68,754344
1,4,B04,M,00:01:43.47,747029
1,5,B04,M,00:02:11.25,750241
1,6,B04,M,00:02:39.04,757491
1,7,B04,M,00:03:06.85,754098
1,8,B04,M,00:03:34.64,748710
1,9,B04,M,00:04:02.42,750844
1,10,B04,M,00:04:30.21,746761
1,11,B04,M,00:04:58.01,750140
1,12,B04,M,00:05:25.79,749592
1,13,B04,M,00:05:53.57,765993
1,14,B04,M,00:06:21.38,766074
1,15,B04,M,00:06:49.17,764921
1,16,B04,M,00:07:16.95,760600
1,17,B04,M,00:07:44.77,761705
1,18,B04,M,00:08:12.55,759569
1,19,B04,M,00:08:40.34,761904
1,20,B04,M,00:09:08.12,759929
1,1,B05,M,00:00:20.57,343339
1,2,B05,M,00:00:48.37,336463
1,3,B05,M,00:01:16.15,334797
1,4,B05,M,00:01:43.94,335022
1,5,B05,M,00:02:11.72,334005
1,6,B05,M,00:02:39.50,333892
1,7,B05,M,00:03:07.31,333794
1,8,B05,M,00:03:35.11,333461
1,9,B05,M,00:04:02.89,331565
1,10,B05,M,00:04:30.67,334563
1,11,B05,M,00:04:58.47,336381
1,12,B05,M,00:05:26.26,336987
1,13,B05,M,00:05:54.04,334917
1,14,B05,M,00:06:21.85,337157
1,15,B05,M,00:06:49.63,336713
1,16,B05,M,00:07:17.42,340634
1,17,B05,M,00:07:45.23,338120
1,18,B05,M,00:08:13.02,341935
1,19,B05,M,00:08:40.80,343929
1,20,B05,M,00:09:08.59,344049
1,1,B06,M,00:00:21.04,144590
1,2,B06,M,00:00:48.83,139335
1,3,B06,M,00:01:16.61,142899
1,4,B06,M,00:01:44.40,141622
1,5,B06,M,00:02:12.18,141104
1,6,B06,M,00:02:39.97,139663
1,7,B06,M,00:03:07.78,142456
1,8,B06,M,00:03:35.57,140889
1,9,B06,M,00:04:03.35,142739
1,10,B06,M,00:04:31.14,144690
1,11,B06,M,00:04:58.94,143822
1,12,B06,M,00:05:26.72,142103
1,13,B06,M,00:05:54.50,145222
1,14,B06,M,00:06:22.31,144036
1,15,B06,M,00:06:50.10,139684
1,16,B06,M,00:07:17.88,146013
1,17,B06,M,00:07:45.70,145428
1,18,B06,M,00:08:13.48,144906
1,19,B06,M,00:08:41.27,143867
1,20,B06,M,00:09:09.05,143836
1,1,B07,M,00:00:21.50,70610
1,2,B07,M,00:00:49.29,70527
1,3,B07,M,00:01:17.08,67362
1,4,B07,M,00:01:44.87,67478
1,5,B07,M,00:02:12.65,67591
1,6,B07,M,00:02:40.43,68018
1,7,B07,M,00:03:08.24,66926
1,8,B07,M,00:03:36.04,67622
1,9,B07,M,00:04:03.82,66500
1,10,B07,M,00:04:31.61,67690
1,11,B07,M,00:04:59.40,67790
1,12,B07,M,00:05:27.19,66993
1,13,B07,M,00:05:54.97,66284
1,14,B07,M,00:06:22.78,67798
1,15,B07,M,00:06:50.56,68507
1,16,B07,M,00:07:18.35,67200
1,17,B07,M,00:07:46.16,68189
1,18,B07,M,00:08:13.95,67873
1,19,B07,M,00:08:41.73,68246
1,20,B07,M,00:09:09.52,68190
1,1,B08,M,00:00:21.97,32637
1,2,B08,M,00:00:49.76,31325
1,3,B08,M,00:01:17.54,31843
1,4,B08,M,00:01:45.33,31056
1,5,B08,M,00:02:13.11,32790
1,6,B08,M,00:02:40.90,33085
1,7,B08,M,00:03:08.71,32711
1,8,B08,M,00:03:36.50,32392
1,9,B08,M,00:04:04.28,32129
1,10,B08,M,00:04:32.07,33779
1,11,B08,M,00:04:59.87,31749
1,12,B08,M,00:05:27.65,33233
1,13,B08,M,00:05:55.43,32637
1,14,B08,M,00:06:23.24,32357
1,15,B08,M,00:06:51.03,31416
1,16,B08,M,00:07:18.81,31805
1,17,B08,M,00:07:46.63,31441
1,18,B08,M,00:08:14.41,33231
1,19,B08,M,00:08:42.20,32173
1,20,B08,M,00:09:09.98,33081
1,1,B09,M,00:00:22.43,23399
1,2,B09,M,00:00:50.22,23943
1,3,B09,M,00:01:18.01,23175
1,4,B09,M,00:01:45.80,23565
1,5,B09,M,00:02:13.58,22954
1,6,B09,M,00:02:41.36,23787
1,7,B09,M,00:03:09.17,22783
1,8,B09,M,00:03:36.97,24126
1,9,B09,M,00:04:04.75,23469
1,10,B09,M,00:04:32.54,22853
1,11,B09,M,00:05:00.33,23430
1,12,B09,M,00:05:28.12,23397
1,13,B09,M,00:05:55.90,24748
1,14,B09,M,00:06:23.71,22982
1,15,B09,M,00:06:51.49,24107
1,16,B09,M,00:07:19.28,23861
1,17,B09,M,00:07:47.09,22967
1,18,B09,M,00:08:14.88,23777
1,19,B09,M,00:08:42.66,24362
1,20,B09,M,00:09:10.45,24521
1,1,B10,M,00:00:22.90,10273
1,2,B10,M,00:00:50.69,11290
1,3,B10,M,00:01:18.47,10200
1,4,B10,M,00:01:46.26,10012
1,5,B10,M,00:02:14.04,10213
1,6,B10,M,00:02:41.83,9654
1,7,B10,M,00:03:09.64,10079
1,8,B10,M,00:03:37.43,10141
1,9,B10,M,00:04:05.21,10087
1,10,B10,M,00:04:33.00,9669
1,11,B10,M,00:05:00.80,10553
1,12,B10,M,00:05:28.58,10475
1,13,B10,M,00:05:56.36,10235
1,14,B10,M,00:06:24.17,10837
1,15,B10,M,00:06:51.96,10992
1,16,B10,M,00:07:19.74,10076
1,17,B10,M,00:07:47.56,10293
1,18,B10,M,00:08:15.34,10271
1,19,B10,M,00:08:43.13,10751
1,20,B10,M,00:09:10.91,10040
1,1,B11,M,00:00:23.36,6253
1,2,B11,M,00:00:51.16,5572
1,3,B11,M,00:01:18.94,6977
1,4,B11,M,00:01:46.73,5829
1,5,B11,M,00:02:14.51,5892
1,6,B11,M,00:02:42.29,5633
1,7,B11,M,00:03:10.10,5831
1,8,B11,M,00:03:37.90,6181
1,9,B11,M,00:04:05.68,6037
1,10,B11,M,00:04:33.47,6380
1,11,B11,M,00:05:01.26,6372
1,12,B11,M,00:05:29.05,6038
1,13,B11,M,00:05:56.83,5556
1,14,B11,M,00:06:24.64,5519
1,15,B11,M,00:06:52.42,6017
1,16,B11,M,00:07:20.21,5576
1,17,B11,M,00:07:48.02,5892
1,18,B11,M,00:08:15.81,5955
1,19,B11,M,00:08:43.59,5958
1,20,B11,M,00:09:11.38,5869
1,1,B12,M,00:00:23.83,4172
1,2,B12,M,00:00:51.62,4284
1,3,B12,M,00:01:19.40,3870
1,4,B12,M,00:01:47.19,4050
1,5,B12,M,00:02:14.97,4379
1,6,B12,M,00:02:42.76,3544
1,7,B12,M,00:03:10.57,3890
1,8,B12,M,00:03:38.36,3947
1,9,B12,M,00:04:06.14,4509
1,10,B12,M,00:04:33.93,3815
1,11,B12,M,00:05:01.73,4054
1,12,B12,M,00:05:29.51,3937
1,13,B12,M,00:05:57.29,4093
1,14,B12,M,00:06:25.10,3863
1,15,B12,M,00:06:52.89,3934
1,16,B12,M,00:07:20.67,3354
1,17,B12,M,00:07:48.49,4077
1,18,B12,M,00:08:16.27,3479
1,19,B12,M,00:08:44.06,3747
1,20,B12,M,00:09:11.84,3914
1,1,C01,M,00:00:26.73,14284662
1,2,C01,M,00:00:54.52,14205205
1,3,C01,M,00:01:22.31,13992143
1,4,C01,M,00:01:50.09,13876162
1,5,C01,M,00:02:17.88,13731913
1,6,C01,M,00:02:45.66,13687160
1,7,C01,M,00:03:13.48,13571749
1,8,C01,M,00:03:41.26,13546282
1,9,C01,M,00:04:09.05,13423085
1,10,C01,M,00:04:36.83,13435897
1,11,C01,M,00:05:04.63,13439058
1,12,C01,M,00:05:32.41,13404109
1,13,C01,M,00:06:00.20,13435781
1,14,C01,M,00:06:28.00,13421736
1,15,C01,M,00:06:55.79,13437813
1,16,C01,M,00:07:23.57,13430182
1,17,C01,M,00:07:51.39,13418494
1,18,C01,M,00:08:19.17,13402619
1,19,C01,M,00:08:46.96,13448994
1,20,C01,M,00:09:14.74,13404977
1,1,C02,M,00:00:27.20,5267575
1,2,C02,M,00:00:54.99,5214855
1,3,C02,M,00:01:22.77,5169532
1,4,C02,M,00:01:50.56,5131811
1,5,C02,M,00:02:18.34,5133716
1,6,C02,M,00:02:46.12,5107198
1,7,C02,M,00:03:13.94,5098149
1,8,C02,M,00:03:41.73,5060248
1,9,C02,M,00:04:09.51,5069983
1,10,C02,M,00:04:37.30,5078578
1,11,C02,M,00:05:05.10,5085103
1,12,C02,M,00:05:32.88,5111649
1,13,C02,M,00:06:00.66,5105019
1,14,C02,M,00:06:28.47,5126953
1,15,C02,M,00:06:56.26,5146636
1,16,C02,M,00:07:24.04,5172691
1,17,C02,M,00:07:51.86,5152843
1,18,C02,M,00:08:19.64,5177399
1,19,C02,M,00:08:47.43,5199166
1,20,C02,M,00:09:15.21,5181049
1,1,C03,M,00:00:27.66,1896033
1,2,C03,M,00:00:55.46,1878827
1,3,C03,M,00:01:23.24,1861623
1,4,C03,M,00:01:51.02,1864257
1,5,C03,M,00:02:18.81,1875994
1,6,C03,M,00:02:46.59,1869400
1,7,C03,M,00:03:14.41,1867108
1,8,C03,M,00:03:42.20,1868613
1,9,C03,M,00:04:09.98,1871781
1,10,C03,M,00:04:37.77,1872571
1,11,C03,M,00:05:05.56,1884216
1,12,C03,M,00:05:33.35,1889376
1,13,C03,M,00:06:01.13,1902365
1,14,C03,M,00:06:28.94,1910639
1,15,C03,M,00:06:56.72,1918820
1,16,C03,M,00:07:24.51,1929870
1,17,C03,M,00:07:52.32,1922509
1,18,C03,M,00:08:20.11,1933692
1,19,C03,M,00:08:47.89,1937101
1,20,C03,M,00:09:15.68,1951657
1,1,C04,M,00:00:28.13,715036
1,2,C04,M,00:00:55.92,712114
1,3,C04,M,00:01:23.70,715083
1,4,C04,M,00:01:51.49,711799
1,5,C04,M,00:02:19.27,717994
1,6,C04,M,00:02:47.06,716165
1,7,C04,M,00:03:14.87,725904
1,8,C04,M,00:03:42.66,715410
1,9,C04,M,00:04:10.44,717272
1,10,C04,M,00:04:38.23,723263
1,11,C04,M,00:05:06.03,732032
1,12,C04,M,00:05:33.81,736100
1,13,C04,M,00:06:01.59,740245
1,14,C04,M,00:06:29.40,740591
1,15,C04,M,00:06:57.19,746577
1,16,C04,M,00:07:24.97,754275
1,17,C04,M,00:07:52.79,745391
1,18,C04,M,00:08:20.57,749994
1,19,C04,M,00:08:48.36,754924
1,20,C04,M,00:09:16.14,756381
1,1,C05,M,00:00:28.60,315815
1,2,C05,M,00:00:56.38,311690
1,3,C05,M,00:01:24.17,311121
1,4,C05,M,00:01:51.95,312564
1,5,C05,M,00:02:19.74,317024
1,6,C05,M,00:02:47.52,315774
1,7,C05,M,00:03:15.34,310375
1,8,C05,M,00:03:43.12,310863
1,9,C05,M,00:04:10.91,313740
1,10,C05,M,00:04:38.70,315106
1,11,C05,M,00:05:06.49,317479
1,12,C05,M,00:05:34.28,321216
1,13,C05,M,00:06:02.06,321169
1,14,C05,M,00:06:29.87,320817
1,15,C05,M,00:06:57.65,323511
1,16,C05,M,00:07:25.44,322024
1,17,C05,M,00:07:53.25,318999
1,18,C05,M,00:08:21.04,321226
1,19,C05,M,00:08:48.82,323573
1,20,C05,M,00:09:16.61,325320
1,1,C06,M,00:00:29.07,144330
1,2,C06,M,00:00:56.85,140688
1,3,C06,M,00:01:24.63,137831
1,4,C06,M,00:01:52.42,137754
1,5,C06,M,00:02:20.20,138218
1,6,C06,M,00:02:47.98,139064
1,7,C06,M,00:03:15.80,138434
1,8,C06,M,00:03:43.59,139298
1,9,C06,M,00:04:11.37,141529
1,10,C06,M,00:04:39.16,136580
1,11,C06,M,00:05:06.96,139896
1,12,C06,M,00:05:34.74,141340
1,13,C06,M,00:06:02.52,140904
1,14,C06,M,00:06:30.33,141449
1,15,C06,M,00:06:58.12,140899
1,16,C06,M,00:07:25.90,143696
1,17,C06,M,00:07:53.72,142317
1,18,C06,M,00:08:21.50,142582
1,19,C06,M,00:08:49.29,143312
1,20,C06,M,00:09:17.07,142901
1,1,C07,M,00:00:29.53,68103
1,2,C07,M,00:00:57.31,65917
1,3,C07,M,00:01:25.10,68185
1,4,C07,M,00:01:52.88,63544
1,5,C07,M,00:02:20.67,66125
1,6,C07,M,00:02:48.45,65353
1,7,C07,M,00:03:16.27,64951
1,8,C07,M,00:03:44.06,64580
1,9,C07,M,00:04:11.84,66063
1,10,C07,M,00:04:39.62,63361
1,11,C07,M,00:05:07.42,64306
1,12,C07,M,00:05:35.21,66496
1,13,C07,M,00:06:02.99,67139
1,14,C07,M,00:06:30.80,67874
1,15,C07,M,00:06:58.58,66990
1,16,C07,M,00:07:26.37,66164
1,17,C07,M,00:07:54.18,67029
1,18,C07,M,00:08:21.97,66836
1,19,C07,M,00:08:49.75,64446
1,20,C07,M,00:09:17.54,65213
1,1,C08,M,00:00:30.00,32337
1,2,C08,M,00:00:57.78,33181
1,3,C08,M,00:01:25.56,33339
1,4,C08,M,00:01:53.35,33210
1,5,C08,M,00:02:21.13,33131
1,6,C08,M,00:02:48.91,34309
1,7,C08,M,00:03:16.73,32642
1,8,C08,M,00:03:44.52,32472
1,9,C08,M,00:04:12.30,31573
1,10,C08,M,00:04:40.09,32094
1,11,C08,M,00:05:07.89,33484
1,12,C08,M,00:05:35.67,32263
1,13,C08,M,00:06:03.45,33810
1,14,C08,M,00:06:31.26,31900
1,15,C08,M,00:06:59.05,32631
1,16,C08,M,00:07:26.83,34068
1,17,C08,M,00:07:54.65,32609
1,18,C08,M,00:08:22.43,33096
1,19,C08,M,00:08:50.22,33215
1,20,C08,M,00:09:18.00,33481
1,1,C09,M,00:00:30.46,22358
1,2,C09,M,00:00:58.24,22047
1,3,C09,M,00:01:26.03,22247
1,4,C09,M,00:01:53.81,21830
1,5,C09,M,00:02:21.60,21283
1,6,C09,M,00:02:49.38,22690
1,7,C09,M,00:03:17.20,22357
1,8,C09,M,00:03:44.98,22157
1,9,C09,M,00:04:12.77,22154
1,10,C09,M,00:04:40.55,20768
1,11,C09,M,00:05:08.35,21511
1,12,C09,M,00:05:36.14,22142
1,13,C09,M,00:06:03.92,22144
1,14,C09,M,00:06:31.73,22771
1,15,C09,M,00:06:59.51,22057
1,16,C09,M,00:07:27.30,22608
1,17,C09,M,00:07:55.11,23012
1,18,C09,M,00:08:22.90,22551
1,19,C09,M,00:08:50.68,22054
1,20,C09,M,00:09:18.47,22978
1,1,C10,M,00:00:30.93,10991
1,2,C10,M,00:00:58.71,10295
1,3,C10,M,00:01:26.49,10333
1,4,C10,M,00:01:54.28,9761
1,5,C10,M,00:02:22.06,10156
1,6,C10,M,00:02:49.84,10289
1,7,C10,M,00:03:17.66,10816
1,8,C10,M,00:03:45.45,10024
1,9,C10,M,00:04:13.23,9582
1,10,C10,M,00:04:41.02,10269
1,11,C10,M,00:05:08.82,10730
1,12,C10,M,00:05:36.60,9684
1,13,C10,M,00:06:04.38,11143
1,14,C10,M,00:06:32.19,9941
1,15,C10,M,00:06:59.98,10045
1,16,C10,M,00:07:27.76,10282
1,17,C10,M,00:07:55.58,10048
1,18,C10,M,00:08:23.36,10666
1,19,C10,M,00:08:51.15,10042
1,20,C10,M,00:09:18.93,9897
1,1,C11,M,00:00:31.39,5620
1,2,C11,M,00:00:59.18,6240
1,3,C11,M,00:01:26.96,5753
1,4,C11,M,00:01:54.74,5359
1,5,C11,M,00:02:22.53,5948
1,6,C11,M,00:02:50.34,6024
1,7,C11,M,00:03:18.13,5704
1,8,C11,M,00:03:45.92,5905
1,9,C11,M,00:04:13.70,5664
1,10,C11,M,00:04:41.48,5562
1,11,C11,M,00:05:09.28,5934
1,12,C11,M,00:05:37.07,5819
1,13,C11,M,00:06:04.85,5743
1,14,C11,M,00:06:32.66,5548
1,15,C11,M,00:07:00.44,5340
1,16,C11,M,00:07:28.23,5705
1,17,C11,M,00:07:56.04,5238
1,18,C11,M,00:08:23.83,5906
1,19,C11,M,00:08:51.61,5991
1,20,C11,M,00:09:19.40,6293
1,1,C12,M,00:00:31.86,4527
1,2,C12,M,00:00:59.64,4388
1,3,C12,M,00:01:27.42,3585
1,4,C12,M,00:01:55.21,3871
1,5,C12,M,00:02:22.99,3399
1,6,C12,M,00:02:50.80,3921
1,7,C12,M,00:03:18.59,4020
1,8,C12,M,00:03:46.38,3324
1,9,C12,M,00:04:14.16,3451
1,10,C12,M,00:04:41.96,3785
1,11,C12,M,00:05:09.75,3538
1,12,C12,M,00:05:37.53,3807
1,13,C12,M,00:06:05.31,3739
1,14,C12,M,00:06:33.12,3577
1,15,C12,M,00:07:00.91,3751
1,16,C12,M,00:07:28.69,3385
1,17,C12,M,00:07:56.51,3427
1,18,C12,M,00:08:24.30,4110
1,19,C12,M,00:08:52.08,3618
1,20,C12,M,00:09:19.86,4058