Plate,Repeat,Well,Type,Time,Fluorescein (1.0s) (Counts)
1,1,D01,M,00:00:16.82,468931
1,2,D01,M,00:01:53.79,467566
1,3,D01,M,00:03:30.77,466425
1,4,D01,M,00:05:07.74,467517
1,5,D01,M,00:06:44.72,469363
1,6,D01,M,00:08:21.69,468563
1,7,D01,M,00:09:58.66,468278
1,8,D01,M,00:11:35.64,468605
1,9,D01,M,00:13:12.61,469833
1,10,D01,M,00:14:49.60,470392
1,11,D01,M,00:16:26.58,471023
1,12,D01,M,00:18:03.56,472114
1,13,D01,M,00:19:40.53,470870
1,14,D01,M,00:21:17.51,469880
1,15,D01,M,00:22:54.49,471120
1,16,D01,M,00:24:31.46,470960
1,17,D01,M,00:26:08.45,471501
1,18,D01,M,00:27:45.44,470126
1,19,D01,M,00:29:22.42,470473
1,20,D01,M,00:30:59.41,468972
1,21,D01,M,00:32:36.40,469614
1,22,D01,M,00:34:13.38,469250
1,23,D01,M,00:35:50.37,469640
1,24,D01,M,00:37:27.34,468632
1,25,D01,M,00:39:04.32,469146
1,26,D01,M,00:40:41.30,466304
1,27,D01,M,00:42:18.27,466788
1,28,D01,M,00:43:55.26,467153
1,29,D01,M,00:45:32.26,466698
1,30,D01,M,00:47:09.25,466212
1,1,D02,M,00:00:18.14,238261
1,2,D02,M,00:01:55.12,238011
1,3,D02,M,00:03:32.09,237317
1,4,D02,M,00:05:09.06,236591
1,5,D02,M,00:06:46.04,235175
1,6,D02,M,00:08:23.02,236478
1,7,D02,M,00:09:59.98,236155
1,8,D02,M,00:11:36.96,237367
1,9,D02,M,00:13:13.94,238030
1,10,D02,M,00:14:50.93,237459
1,11,D02,M,00:16:27.90,239029
1,12,D02,M,00:18:04.88,238872
1,13,D02,M,00:19:41.86,238963
1,14,D02,M,00:21:18.83,240101
1,15,D02,M,00:22:55.81,240117
1,16,D02,M,00:24:32.78,239975
1,17,D02,M,00:26:09.77,239228
1,18,D02,M,00:27:46.76,239341
1,19,D02,M,00:29:23.74,238610
1,20,D02,M,00:31:00.73,239163
1,21,D02,M,00:32:37.72,239501
1,22,D02,M,00:34:14.70,238968
1,23,D02,M,00:35:51.69,239079
1,24,D02,M,00:37:28.67,238412
1,25,D02,M,00:39:05.65,239767
1,26,D02,M,00:40:42.62,238926
1,27,D02,M,00:42:19.60,238658
1,28,D02,M,00:43:56.58,238137
1,29,D02,M,00:45:33.58,237869
1,30,D02,M,00:47:10.57,238276
1,1,D03,M,00:00:19.47,113829
1,2,D03,M,00:01:56.44,113813
1,3,D03,M,00:03:33.42,113369
1,4,D03,M,00:05:10.39,113127
1,5,D03,M,00:06:47.37,112974
1,6,D03,M,00:08:24.34,113138
1,7,D03,M,00:10:01.31,113008
1,8,D03,M,00:11:38.29,113324
1,9,D03,M,00:13:15.26,114332
1,10,D03,M,00:14:52.25,114284
1,11,D03,M,00:16:29.23,115383
1,12,D03,M,00:18:06.21,114556
1,13,D03,M,00:19:43.18,115102
1,14,D03,M,00:21:20.16,114989
1,15,D03,M,00:22:57.14,114658
1,16,D03,M,00:24:34.11,115165
1,17,D03,M,00:26:11.10,115185
1,18,D03,M,00:27:48.09,114695
1,19,D03,M,00:29:25.07,114990
1,20,D03,M,00:31:02.06,114581
1,21,D03,M,00:32:39.05,114460
1,22,D03,M,00:34:16.04,114896
1,23,D03,M,00:35:53.02,114676
1,24,D03,M,00:37:29.99,114562
1,25,D03,M,00:39:06.97,114035
1,26,D03,M,00:40:43.95,114011
1,27,D03,M,00:42:20.92,113489
1,28,D03,M,00:43:57.91,113852
1,29,D03,M,00:45:34.91,113727
1,30,D03,M,00:47:11.90,114296
1,1,D04,M,00:00:20.79,54960
1,2,D04,M,00:01:57.77,54777
1,3,D04,M,00:03:34.74,54379
1,4,D04,M,00:05:11.71,54186
1,5,D04,M,00:06:48.69,54701
1,6,D04,M,00:08:25.67,54596
1,7,D04,M,00:10:02.63,54709
1,8,D04,M,00:11:39.61,54780
1,9,D04,M,00:13:16.59,55320
1,10,D04,M,00:14:53.58,55356
1,11,D04,M,00:16:30.55,55242
1,12,D04,M,00:18:07.53,55475
1,13,D04,M,00:19:44.51,55299
1,14,D04,M,00:21:21.48,55040
1,15,D04,M,00:22:58.46,55342
1,16,D04,M,00:24:35.43,54751
1,17,D04,M,00:26:12.42,55094
1,18,D04,M,00:27:49.41,55377
1,19,D04,M,00:29:26.39,55401
1,20,D04,M,00:31:03.38,55230
1,21,D04,M,00:32:40.37,55579
1,22,D04,M,00:34:17.37,54908
1,23,D04,M,00:35:54.34,55166
1,24,D04,M,00:37:31.32,54762
1,25,D04,M,00:39:08.30,55429
1,26,D04,M,00:40:45.27,55108
1,27,D04,M,00:42:22.25,54638
1,28,D04,M,00:43:59.23,54900
1,29,D04,M,00:45:36.23,54485
1,30,D04,M,00:47:13.22,54513
1,1,D05,M,00:00:22.12,26733
1,2,D05,M,00:01:59.09,26520
1,3,D05,M,00:03:36.07,26607
1,4,D05,M,00:05:13.04,26863
1,5,D05,M,00:06:50.02,26605
1,6,D05,M,00:08:26.99,26244
1,7,D05,M,00:10:03.96,26713
1,8,D05,M,00:11:40.93,26699
1,9,D05,M,00:13:17.91,27002
1,10,D05,M,00:14:54.90,26977
1,11,D05,M,00:16:31.88,26824
1,12,D05,M,00:18:08.86,27018
1,13,D05,M,00:19:45.83,27057
1,14,D05,M,00:21:22.81,26877
1,15,D05,M,00:22:59.79,27291
1,16,D05,M,00:24:36.76,26718
1,17,D05,M,00:26:13.75,26886
1,18,D05,M,00:27:50.74,26755
1,19,D05,M,00:29:27.72,26736
1,20,D05,M,00:31:04.71,27087
1,21,D05,M,00:32:41.69,26785
1,22,D05,M,00:34:18.69,26421
1,23,D05,M,00:35:55.67,26625
1,24,D05,M,00:37:32.64,26726
1,25,D05,M,00:39:09.62,26608
1,26,D05,M,00:40:46.60,26906
1,27,D05,M,00:42:23.57,26373
1,28,D05,M,00:44:00.55,26772
1,29,D05,M,00:45:37.56,26740
1,30,D05,M,00:47:14.55,26384
1,1,D06,M,00:00:23.44,12751
1,2,D06,M,00:02:00.42,12858
1,3,D06,M,00:03:37.39,13021
1,4,D06,M,00:05:14.36,12728
1,5,D06,M,00:06:51.34,12893
1,6,D06,M,00:08:28.32,12994
1,7,D06,M,00:10:05.28,12968
1,8,D06,M,00:11:42.26,13056
1,9,D06,M,00:13:19.24,13017
1,10,D06,M,00:14:56.23,13183
1,11,D06,M,00:16:33.20,13024
1,12,D06,M,00:18:10.18,13065
1,13,D06,M,00:19:47.16,12867
1,14,D06,M,00:21:24.13,13053
1,15,D06,M,00:23:01.11,13036
1,16,D06,M,00:24:38.08,13083
1,17,D06,M,00:26:15.07,12976
1,18,D06,M,00:27:52.06,12813
1,19,D06,M,00:29:29.04,13223
1,20,D06,M,00:31:06.03,13031
1,21,D06,M,00:32:43.02,12919
1,22,D06,M,00:34:20.02,12907
1,23,D06,M,00:35:56.99,12977
1,24,D06,M,00:37:33.97,12863
1,25,D06,M,00:39:10.95,13085
1,26,D06,M,00:40:47.92,12886
1,27,D06,M,00:42:24.90,13008
1,28,D06,M,00:44:01.88,12882
1,29,D06,M,00:45:38.88,12997
1,30,D06,M,00:47:15.87,12712
1,1,D07,M,00:00:24.77,6342
1,2,D07,M,00:02:01.74,6192
1,3,D07,M,00:03:38.72,6332
1,4,D07,M,00:05:15.69,6296
1,5,D07,M,00:06:52.66,6076
1,6,D07,M,00:08:29.64,6232
1,7,D07,M,00:10:06.61,6315
1,8,D07,M,00:11:43.58,6354
1,9,D07,M,00:13:20.56,6261
1,10,D07,M,00:14:57.55,6327
1,11,D07,M,00:16:34.53,6243
1,12,D07,M,00:18:11.51,6406
1,13,D07,M,00:19:48.48,6331
1,14,D07,M,00:21:25.46,6510
1,15,D07,M,00:23:02.43,6383
1,16,D07,M,00:24:39.41,6353
1,17,D07,M,00:26:16.40,6196
1,18,D07,M,00:27:53.39,6308
1,19,D07,M,00:29:30.37,6307
1,20,D07,M,00:31:07.36,6282
1,21,D07,M,00:32:44.34,6256
1,22,D07,M,00:34:21.34,6441
1,23,D07,M,00:35:58.32,6358
1,24,D07,M,00:37:35.29,6190
1,25,D07,M,00:39:12.27,6306
1,26,D07,M,00:40:49.25,6272
1,27,D07,M,00:42:26.22,6399
1,28,D07,M,00:44:03.20,6347
1,29,D07,M,00:45:40.21,6360
1,30,D07,M,00:47:17.20,6285
1,1,D08,M,00:00:26.09,3007
1,2,D08,M,00:02:03.07,3051
1,3,D08,M,00:03:40.04,2969
1,4,D08,M,00:05:17.01,2928
1,5,D08,M,00:06:53.99,2918
1,6,D08,M,00:08:30.97,3005
1,7,D08,M,00:10:07.93,3037
1,8,D08,M,00:11:44.91,3072
1,9,D08,M,00:13:21.89,3016
1,10,D08,M,00:14:58.88,2980
1,11,D08,M,00:16:35.85,3072
1,12,D08,M,00:18:12.83,2924
1,13,D08,M,00:19:49.81,3109
1,14,D08,M,00:21:26.78,3073
1,15,D08,M,00:23:03.76,3037
1,16,D08,M,00:24:40.73,3061
1,17,D08,M,00:26:17.74,3098
1,18,D08,M,00:27:54.71,3036
1,19,D08,M,00:29:31.69,3152
1,20,D08,M,00:31:08.68,3032
1,21,D08,M,00:32:45.67,3041
1,22,D08,M,00:34:22.67,3178
1,23,D08,M,00:35:59.64,3031
1,24,D08,M,00:37:36.62,3085
1,25,D08,M,00:39:13.60,2997
1,26,D08,M,00:40:50.57,3043
1,27,D08,M,00:42:27.55,3024
1,28,D08,M,00:44:04.53,3060
1,29,D08,M,00:45:41.53,2962
1,30,D08,M,00:47:18.52,3044
1,1,D09,M,00:00:27.42,1531
1,2,D09,M,00:02:04.39,1476
1,3,D09,M,00:03:41.37,1530
1,4,D09,M,00:05:18.34,1459
1,5,D09,M,00:06:55.31,1529
1,6,D09,M,00:08:32.29,1458
1,7,D09,M,00:10:09.26,1483
1,8,D09,M,00:11:46.23,1437
1,9,D09,M,00:13:23.21,1457
1,10,D09,M,00:15:00.20,1532
1,11,D09,M,00:16:37.18,1488
1,12,D09,M,00:18:14.16,1508
1,13,D09,M,00:19:51.13,1438
1,14,D09,M,00:21:28.11,1530
1,15,D09,M,00:23:05.08,1575
1,16,D09,M,00:24:42.06,1538
1,17,D09,M,00:26:19.06,1490
1,18,D09,M,00:27:56.04,1541
1,19,D09,M,00:29:33.02,1471
1,20,D09,M,00:31:10.01,1587
1,21,D09,M,00:32:46.99,1476
1,22,D09,M,00:34:23.99,1504
1,23,D09,M,00:36:00.97,1559
1,24,D09,M,00:37:37.94,1522
1,25,D09,M,00:39:14.92,1486
1,26,D09,M,00:40:51.90,1532
1,27,D09,M,00:42:28.87,1486
1,28,D09,M,00:44:05.85,1438
1,29,D09,M,00:45:42.86,1519
1,30,D09,M,00:47:19.85,1495
1,1,D10,M,00:00:28.74,828
1,2,D10,M,00:02:05.71,778
1,3,D10,M,00:03:42.69,788
1,4,D10,M,00:05:19.66,739
1,5,D10,M,00:06:56.64,751
1,6,D10,M,00:08:33.62,771
1,7,D10,M,00:10:10.58,763
1,8,D10,M,00:11:47.56,819
1,9,D10,M,00:13:24.54,711
1,10,D10,M,00:15:01.53,777
1,11,D10,M,00:16:38.50,761
1,12,D10,M,00:18:15.48,779
1,13,D10,M,00:19:52.46,791
1,14,D10,M,00:21:29.43,790
1,15,D10,M,00:23:06.41,792
1,16,D10,M,00:24:43.38,796
1,17,D10,M,00:26:20.39,812
1,18,D10,M,00:27:57.36,766
1,19,D10,M,00:29:34.34,788
1,20,D10,M,00:31:11.33,817
1,21,D10,M,00:32:48.32,769
1,22,D10,M,00:34:25.32,797
1,23,D10,M,00:36:02.29,772
1,24,D10,M,00:37:39.27,803
1,25,D10,M,00:39:16.25,767
1,26,D10,M,00:40:53.22,808
1,27,D10,M,00:42:30.20,782
1,28,D10,M,00:44:07.18,793
1,29,D10,M,00:45:44.18,764
1,30,D10,M,00:47:21.17,793
1,1,D11,M,00:00:30.07,432
1,2,D11,M,00:02:07.04,418
1,3,D11,M,00:03:44.02,421
1,4,D11,M,00:05:20.99,418
1,5,D11,M,00:06:57.96,422
1,6,D11,M,00:08:34.94,443
1,7,D11,M,00:10:11.91,389
1,8,D11,M,00:11:48.88,454
1,9,D11,M,00:13:25.86,423
1,10,D11,M,00:15:02.85,449
1,11,D11,M,00:16:39.83,417
1,12,D11,M,00:18:16.81,436
1,13,D11,M,00:19:53.78,415
1,14,D11,M,00:21:30.76,422
1,15,D11,M,00:23:07.73,409
1,16,D11,M,00:24:44.71,426
1,17,D11,M,00:26:21.71,445
1,18,D11,M,00:27:58.69,431
1,19,D11,M,00:29:35.67,410
1,20,D11,M,00:31:12.66,424
1,21,D11,M,00:32:49.64,428
1,22,D11,M,00:34:26.64,409
1,23,D11,M,00:36:03.62,422
1,24,D11,M,00:37:40.59,385
1,25,D11,M,00:39:17.57,430
1,26,D11,M,00:40:54.55,433
1,27,D11,M,00:42:31.52,416
1,28,D11,M,00:44:08.50,449
1,29,D11,M,00:45:45.51,467
1,30,D11,M,00:47:22.50,430
1,1,D12,M,00:00:31.39,109
1,2,D12,M,00:02:08.36,130
1,3,D12,M,00:03:45.34,130
1,4,D12,M,00:05:22.31,127
1,5,D12,M,00:06:59.29,109
1,6,D12,M,00:08:36.27,115
1,7,D12,M,00:10:13.23,115
1,8,D12,M,00:11:50.21,96
1,9,D12,M,00:13:27.19,131
1,10,D12,M,00:15:04.18,111
1,11,D12,M,00:16:41.15,112
1,12,D12,M,00:18:18.13,108
1,13,D12,M,00:19:55.11,130
1,14,D12,M,00:21:32.08,138
1,15,D12,M,00:23:09.06,132
1,16,D12,M,00:24:46.03,143
1,17,D12,M,00:26:23.04,139
1,18,D12,M,00:28:00.01,129
1,19,D12,M,00:29:36.99,110
1,20,D12,M,00:31:13.98,111
1,21,D12,M,00:32:50.97,122
1,22,D12,M,00:34:27.97,125
1,23,D12,M,00:36:04.94,122
1,24,D12,M,00:37:41.92,127
1,25,D12,M,00:39:18.89,120
1,26,D12,M,00:40:55.87,113
1,27,D12,M,00:42:32.85,122
1,28,D12,M,00:44:09.83,130
1,29,D12,M,00:45:46.83,135
1,30,D12,M,00:47:23.82,140
1,1,E01,M,00:00:35.16,464936
1,2,E01,M,00:02:12.13,464096
1,3,E01,M,00:03:49.10,465264
1,4,E01,M,00:05:26.08,464747
1,5,E01,M,00:07:03.05,465630
1,6,E01,M,00:08:40.03,464968
1,7,E01,M,00:10:17.00,465531
1,8,E01,M,00:11:53.97,466532
1,9,E01,M,00:13:30.95,465588
1,10,E01,M,00:15:07.94,466828
1,11,E01,M,00:16:44.92,467433
1,12,E01,M,00:18:21.89,467182
1,13,E01,M,00:19:58.87,466663
1,14,E01,M,00:21:35.85,466103
1,15,E01,M,00:23:12.82,465140
1,16,E01,M,00:24:49.80,466290
1,17,E01,M,00:26:26.80,466794
1,18,E01,M,00:28:03.78,465828
1,19,E01,M,00:29:40.75,467092
1,20,E01,M,00:31:17.75,465347
1,21,E01,M,00:32:54.73,464778
1,22,E01,M,00:34:31.73,463753
1,23,E01,M,00:36:08.70,464412
1,24,E01,M,00:37:45.68,464056
1,25,E01,M,00:39:22.66,463428
1,26,E01,M,00:40:59.63,463601
1,27,E01,M,00:42:36.61,461501
1,28,E01,M,00:44:13.59,461632
1,29,E01,M,00:45:50.59,460450
1,30,E01,M,00:47:27.59,462480
1,1,E02,M,00:00:36.48,240780
1,2,E02,M,00:02:13.45,240774
1,3,E02,M,00:03:50.43,238855
1,4,E02,M,00:05:27.40,239536
1,5,E02,M,00:07:04.38,239141
1,6,E02,M,00:08:41.35,240571
1,7,E02,M,00:10:18.32,239579
1,8,E02,M,00:11:55.30,240149
1,9,E02,M,00:13:32.28,241345
1,10,E02,M,00:15:09.27,241138
1,11,E02,M,00:16:46.24,241441
1,12,E02,M,00:18:23.22,242608
1,13,E02,M,00:20:00.20,242372
1,14,E02,M,00:21:37.17,241407
1,15,E02,M,00:23:14.15,242492
1,16,E02,M,00:24:51.12,243252
1,17,E02,M,00:26:28.13,242287
1,18,E02,M,00:28:05.10,242223
1,19,E02,M,00:29:42.08,242219
1,20,E02,M,00:31:19.07,241303
1,21,E02,M,00:32:56.06,241609
1,22,E02,M,00:34:33.05,241347
1,23,E02,M,00:36:10.03,241740
1,24,E02,M,00:37:47.01,241310
1,25,E02,M,00:39:23.98,241908
1,26,E02,M,00:41:00.96,240930
1,27,E02,M,00:42:37.94,240189
1,28,E02,M,00:44:14.92,239268
1,29,E02,M,00:45:51.92,240317
1,30,E02,M,00:47:28.91,239801
1,1,E03,M,00:00:37.80,114951
1,2,E03,M,00:02:14.78,115054
1,3,E03,M,00:03:51.76,115017
1,4,E03,M,00:05:28.73,114754
1,5,E03,M,00:07:05.70,115237
1,6,E03,M,00:08:42.68,114592
1,7,E03,M,00:10:19.65,114822
1,8,E03,M,00:11:56.62,115536
1,9,E03,M,00:13:33.60,116027
1,10,E03,M,00:15:10.59,116355
1,11,E03,M,00:16:47.57,116689
1,12,E03,M,00:18:24.54,116730
1,13,E03,M,00:20:01.52,116469
1,14,E03,M,00:21:38.50,116754
1,15,E03,M,00:23:15.47,116422
1,16,E03,M,00:24:52.45,116069
1,17,E03,M,00:26:29.45,116242
1,18,E03,M,00:28:06.43,116753
1,19,E03,M,00:29:43.41,115936
1,20,E03,M,00:31:20.40,115799
1,21,E03,M,00:32:57.38,116179
1,22,E03,M,00:34:34.38,115787
1,23,E03,M,00:36:11.36,115973
1,24,E03,M,00:37:48.33,115698
1,25,E03,M,00:39:25.31,114969
1,26,E03,M,00:41:02.29,114903
1,27,E03,M,00:42:39.26,115212
1,28,E03,M,00:44:16.24,115488
1,29,E03,M,00:45:53.25,115115
1,30,E03,M,00:47:30.24,115605
1,1,E04,M,00:00:39.13,55123
1,2,E04,M,00:02:16.10,55287
1,3,E04,M,00:03:53.08,55011
1,4,E04,M,00:05:30.05,54597
1,5,E04,M,00:07:07.03,54902
1,6,E04,M,00:08:44.00,55172
1,7,E04,M,00:10:20.97,54846
1,8,E04,M,00:11:57.95,55238
1,9,E04,M,00:13:34.92,55161
1,10,E04,M,00:15:11.92,55643
1,11,E04,M,00:16:48.89,55508
1,12,E04,M,00:18:25.87,55998
1,13,E04,M,00:20:02.85,55460
1,14,E04,M,00:21:39.82,55825
1,15,E04,M,00:23:16.80,55642
1,16,E04,M,00:24:53.77,56092
1,17,E04,M,00:26:30.78,56005
1,18,E04,M,00:28:07.75,55716
1,19,E04,M,00:29:44.73,55531
1,20,E04,M,00:31:21.72,55831
1,21,E04,M,00:32:58.71,55717
1,22,E04,M,00:34:35.70,55572
1,23,E04,M,00:36:12.68,55429
1,24,E04,M,00:37:49.66,55202
1,25,E04,M,00:39:26.63,55162
1,26,E04,M,00:41:03.61,55007
1,27,E04,M,00:42:40.59,54886
1,28,E04,M,00:44:17.57,55571
1,29,E04,M,00:45:54.57,54653
1,30,E04,M,00:47:31.56,55212
1,1,E05,M,00:00:40.45,26882
1,2,E05,M,00:02:17.43,26793
1,3,E05,M,00:03:54.41,27042
1,4,E05,M,00:05:31.38,26304
1,5,E05,M,00:07:08.35,26739
1,6,E05,M,00:08:45.32,26617
1,7,E05,M,00:10:22.30,26709
1,8,E05,M,00:11:59.27,26885
1,9,E05,M,00:13:36.25,27019
1,10,E05,M,00:15:13.24,27117
1,11,E05,M,00:16:50.22,26892
1,12,E05,M,00:18:27.19,26874
1,13,E05,M,00:20:04.17,26909
1,14,E05,M,00:21:41.15,26987
1,15,E05,M,00:23:18.12,26622
1,16,E05,M,00:24:55.10,26948
1,17,E05,M,00:26:32.10,27074
1,18,E05,M,00:28:09.08,26898
1,19,E05,M,00:29:46.06,27070
1,20,E05,M,00:31:23.05,27057
1,21,E05,M,00:33:00.03,26832
1,22,E05,M,00:34:37.03,26738
1,23,E05,M,00:36:14.01,26950
1,24,E05,M,00:37:50.98,26709
1,25,E05,M,00:39:27.96,26843
1,26,E05,M,00:41:04.94,26606
1,27,E05,M,00:42:41.91,26552
1,28,E05,M,00:44:18.89,26752
1,29,E05,M,00:45:55.89,26270
1,30,E05,M,00:47:32.89,26653
1,1,E06,M,00:00:41.78,12867
1,2,E06,M,00:02:18.75,12684
1,3,E06,M,00:03:55.73,12679
1,4,E06,M,00:05:32.70,12793
1,5,E06,M,00:07:09.68,12891
1,6,E06,M,00:08:46.65,12744
1,7,E06,M,00:10:23.62,12752
1,8,E06,M,00:12:00.60,13059
1,9,E06,M,00:13:37.57,12844
1,10,E06,M,00:15:14.57,12883
1,11,E06,M,00:16:51.54,12855
1,12,E06,M,00:18:28.52,12957
1,13,E06,M,00:20:05.50,13084
1,14,E06,M,00:21:42.47,12969
1,15,E06,M,00:23:19.45,12843
1,16,E06,M,00:24:56.42,12819
1,17,E06,M,00:26:33.43,12777
1,18,E06,M,00:28:10.40,12815
1,19,E06,M,00:29:47.38,12883
1,20,E06,M,00:31:24.38,12920
1,21,E06,M,00:33:01.36,12763
1,22,E06,M,00:34:38.35,12758
1,23,E06,M,00:36:15.33,12822
1,24,E06,M,00:37:52.31,12890
1,25,E06,M,00:39:29.28,12804
1,26,E06,M,00:41:06.26,12846
1,27,E06,M,00:42:43.24,12806
1,28,E06,M,00:44:20.22,12754
1,29,E06,M,00:45:57.22,12615
1,30,E06,M,00:47:34.21,12719
1,1,E07,M,00:00:43.10,6183
1,2,E07,M,00:02:20.08,6164
1,3,E07,M,00:03:57.05,6301
1,4,E07,M,00:05:34.03,6195
1,5,E07,M,00:07:11.00,6119
1,6,E07,M,00:08:47.97,6250
1,7,E07,M,00:10:24.95,6342
1,8,E07,M,00:12:01.92,6276
1,9,E07,M,00:13:38.90,6418
1,10,E07,M,00:15:15.89,6366
1,11,E07,M,00:16:52.87,6275
1,12,E07,M,00:18:29.84,6372
1,13,E07,M,00:20:06.82,6392
1,14,E07,M,00:21:43.80,6462
1,15,E07,M,00:23:20.77,6274
1,16,E07,M,00:24:57.74,6206
1,17,E07,M,00:26:34.75,6276
1,18,E07,M,00:28:11.73,6350
1,19,E07,M,00:29:48.70,6203
1,20,E07,M,00:31:25.71,6239
1,21,E07,M,00:33:02.68,6219
1,22,E07,M,00:34:39.68,6211
1,23,E07,M,00:36:16.66,6355
1,24,E07,M,00:37:53.63,6234
1,25,E07,M,00:39:30.61,6442
1,26,E07,M,00:41:07.59,6285
1,27,E07,M,00:42:44.56,6249
1,28,E07,M,00:44:21.54,6273
1,29,E07,M,00:45:58.54,5974
1,30,E07,M,00:47:35.54,6233
1,1,E08,M,00:00:44.43,3079
1,2,E08,M,00:02:21.40,3064
1,3,E08,M,00:03:58.38,2991
1,4,E08,M,00:05:35.35,3055
1,5,E08,M,00:07:12.33,2980
1,6,E08,M,00:08:49.30,3073
1,7,E08,M,00:10:26.27,3061
1,8,E08,M,00:12:03.25,3049
1,9,E08,M,00:13:40.22,3044
1,10,E08,M,00:15:17.22,3019
1,11,E08,M,00:16:54.19,3114
1,12,E08,M,00:18:31.17,3051
1,13,E08,M,00:20:08.15,3074
1,14,E08,M,00:21:45.12,3056
1,15,E08,M,00:23:22.10,3053
1,16,E08,M,00:24:59.07,3135
1,17,E08,M,00:26:36.08,3075
1,18,E08,M,00:28:13.05,3072
1,19,E08,M,00:29:50.03,2935
1,20,E08,M,00:31:27.03,3109
1,21,E08,M,00:33:04.01,3098
1,22,E08,M,00:34:41.00,3037
1,23,E08,M,00:36:17.98,3048
1,24,E08,M,00:37:54.96,3007
1,25,E08,M,00:39:31.93,3057
1,26,E08,M,00:41:08.91,3092
1,27,E08,M,00:42:45.89,2937
1,28,E08,M,00:44:22.87,3057
1,29,E08,M,00:45:59.87,3003
1,30,E08,M,00:47:36.86,3089
1,1,E09,M,00:00:45.75,1552
1,2,E09,M,00:02:22.73,1517
1,3,E09,M,00:03:59.70,1549
1,4,E09,M,00:05:36.68,1458
1,5,E09,M,00:07:13.65,1553
1,6,E09,M,00:08:50.62,1516
1,7,E09,M,00:10:27.60,1479
1,8,E09,M,00:12:04.57,1505
1,9,E09,M,00:13:41.55,1465
1,10,E09,M,00:15:18.54,1626
1,11,E09,M,00:16:55.52,1545
1,12,E09,M,00:18:32.49,1533
1,13,E09,M,00:20:09.47,1523
1,14,E09,M,00:21:46.45,1491
1,15,E09,M,00:23:23.42,1492
1,16,E09,M,00:25:00.39,1532
1,17,E09,M,00:26:37.40,1560
1,18,E09,M,00:28:14.38,1578
1,19,E09,M,00:29:51.37,1461
1,20,E09,M,00:31:28.36,1543
1,21,E09,M,00:33:05.33,1570
1,22,E09,M,00:34:42.33,1535
1,23,E09,M,00:36:19.31,1549
1,24,E09,M,00:37:56.28,1587
1,25,E09,M,00:39:33.26,1560
1,26,E09,M,00:41:10.24,1507
1,27,E09,M,00:42:47.21,1549
1,28,E09,M,00:44:24.19,1518
1,29,E09,M,00:46:01.19,1592
1,30,E09,M,00:47:38.19,1538
1,1,E10,M,00:00:47.08,773
1,2,E10,M,00:02:24.05,773
1,3,E10,M,00:04:01.03,783
1,4,E10,M,00:05:38.00,804
1,5,E10,M,00:07:14.98,793
1,6,E10,M,00:08:51.95,784
1,7,E10,M,00:10:28.92,764
1,8,E10,M,00:12:05.90,809
1,9,E10,M,00:13:42.87,803
1,10,E10,M,00:15:19.87,827
1,11,E10,M,00:16:56.84,878
1,12,E10,M,00:18:33.82,807
1,13,E10,M,00:20:10.79,815
1,14,E10,M,00:21:47.77,780
1,15,E10,M,00:23:24.75,834
1,16,E10,M,00:25:01.72,824
1,17,E10,M,00:26:38.73,881
1,18,E10,M,00:28:15.70,832
1,19,E10,M,00:29:52.69,765
1,20,E10,M,00:31:29.68,795
1,21,E10,M,00:33:06.66,772
1,22,E10,M,00:34:43.65,801
1,23,E10,M,00:36:20.63,771
1,24,E10,M,00:37:57.61,756
1,25,E10,M,00:39:34.58,800
1,26,E10,M,00:41:11.56,796
1,27,E10,M,00:42:48.54,843
1,28,E10,M,00:44:25.52,804
1,29,E10,M,00:46:02.52,727
1,30,E10,M,00:47:39.51,801
1,1,E11,M,00:00:48.40,447
1,2,E11,M,00:02:25.38,428
1,3,E11,M,00:04:02.36,461
1,4,E11,M,00:05:39.33,480
1,5,E11,M,00:07:16.30,430
1,6,E11,M,00:08:53.28,441
1,7,E11,M,00:10:30.25,427
1,8,E11,M,00:12:07.22,431
1,9,E11,M,00:13:44.20,424
1,10,E11,M,00:15:21.19,379
1,11,E11,M,00:16:58.17,420
1,12,E11,M,00:18:35.14,424
1,13,E11,M,00:20:12.12,442
1,14,E11,M,00:21:49.10,419
1,15,E11,M,00:23:26.07,412
1,16,E11,M,00:25:03.05,462
1,17,E11,M,00:26:40.05,431
1,18,E11,M,00:28:17.03,445
1,19,E11,M,00:29:54.02,445
1,20,E11,M,00:31:31.01,437
1,21,E11,M,00:33:07.98,411
1,22,E11,M,00:34:44.98,437
1,23,E11,M,00:36:21.96,453
1,24,E11,M,00:37:58.93,416
1,25,E11,M,00:39:35.91,448
1,26,E11,M,00:41:12.89,460
1,27,E11,M,00:42:49.86,418
1,28,E11,M,00:44:26.84,441
1,29,E11,M,00:46:03.84,429
1,30,E11,M,00:47:40.84,429
1,1,E12,M,00:00:49.73,126
1,2,E12,M,00:02:26.70,115
1,3,E12,M,00:04:03.68,124
1,4,E12,M,00:05:40.65,122
1,5,E12,M,00:07:17.63,123
1,6,E12,M,00:08:54.60,122
1,7,E12,M,00:10:31.57,120
1,8,E12,M,00:12:08.55,122
1,9,E12,M,00:13:45.52,144
1,10,E12,M,00:15:22.52,135
1,11,E12,M,00:16:59.49,135
1,12,E12,M,00:18:36.47,132
1,13,E12,M,00:20:13.44,140
1,14,E12,M,00:21:50.42,119
1,15,E12,M,00:23:27.40,123
1,16,E12,M,00:25:04.37,130
1,17,E12,M,00:26:41.38,119
1,18,E12,M,00:28:18.35,131
1,19,E12,M,00:29:55.34,112
1,20,E12,M,00:31:32.33,135
1,21,E12,M,00:33:09.31,117
1,22,E12,M,00:34:46.30,118
1,23,E12,M,00:36:23.28,127
1,24,E12,M,00:38:00.26,120
1,25,E12,M,00:39:37.23,123
1,26,E12,M,00:41:14.21,106
1,27,E12,M,00:42:51.19,143
1,28,E12,M,00:44:28.17,125
1,29,E12,M,00:46:05.17,120
1,30,E12,M,00:47:42.16,135
1,1,F01,M,00:00:53.49,467059
1,2,F01,M,00:02:30.47,465486
1,3,F01,M,00:04:07.44,466239
1,4,F01,M,00:05:44.42,467977
1,5,F01,M,00:07:21.39,466657
1,6,F01,M,00:08:58.36,467950
1,7,F01,M,00:10:35.33,467041
1,8,F01,M,00:12:12.31,467739
1,9,F01,M,00:13:49.29,468496
1,10,F01,M,00:15:26.28,468628
1,11,F01,M,00:17:03.26,467788
1,12,F01,M,00:18:40.23,469110
1,13,F01,M,00:20:17.21,467285
1,14,F01,M,00:21:54.19,468966
1,15,F01,M,00:23:31.16,466440
1,16,F01,M,00:25:08.13,467735
1,17,F01,M,00:26:45.14,466346
1,18,F01,M,00:28:22.12,466258
1,19,F01,M,00:29:59.11,464720
1,20,F01,M,00:31:36.09,465712
1,21,F01,M,00:33:13.07,465657
1,22,F01,M,00:34:50.07,465048
1,23,F01,M,00:36:27.04,463479
1,24,F01,M,00:38:04.02,464568
1,25,F01,M,00:39:41.00,464411
1,26,F01,M,00:41:17.97,463322
1,27,F01,M,00:42:54.95,464616
1,28,F01,M,00:44:31.93,463341
1,29,F01,M,00:46:08.93,461632
1,30,F01,M,00:47:45.92,462933
1,1,F02,M,00:00:54.82,239384
1,2,F02,M,00:02:31.79,239019
1,3,F02,M,00:04:08.77,237190
1,4,F02,M,00:05:45.74,237291
1,5,F02,M,00:07:22.72,237114
1,6,F02,M,00:08:59.69,237896
1,7,F02,M,00:10:36.66,237775
1,8,F02,M,00:12:13.64,238590
1,9,F02,M,00:13:50.61,239502
1,10,F02,M,00:15:27.60,238883
1,11,F02,M,00:17:04.58,238914
1,12,F02,M,00:18:41.56,239499
1,13,F02,M,00:20:18.53,240790
1,14,F02,M,00:21:55.51,241649
1,15,F02,M,00:23:32.49,239789
1,16,F02,M,00:25:09.46,241530
1,17,F02,M,00:26:46.47,240426
1,18,F02,M,00:28:23.44,241209
1,19,F02,M,00:30:00.43,239977
1,20,F02,M,00:31:37.42,240447
1,21,F02,M,00:33:14.40,239946
1,22,F02,M,00:34:51.39,239942
1,23,F02,M,00:36:28.37,239367
1,24,F02,M,00:38:05.35,239861
1,25,F02,M,00:39:42.32,238841
1,26,F02,M,00:41:19.30,238791
1,27,F02,M,00:42:56.28,238909
1,28,F02,M,00:44:33.26,238202
1,29,F02,M,00:46:10.26,238973
1,30,F02,M,00:47:47.25,239081
1,1,F03,M,00:00:56.14,115721
1,2,F03,M,00:02:33.12,114908
1,3,F03,M,00:04:10.09,114715
1,4,F03,M,00:05:47.07,113951
1,5,F03,M,00:07:24.04,114307
1,6,F03,M,00:09:01.01,115007
1,7,F03,M,00:10:37.99,114915
1,8,F03,M,00:12:14.96,115178
1,9,F03,M,00:13:51.94,116319
1,10,F03,M,00:15:28.93,116138
1,11,F03,M,00:17:05.91,115761
1,12,F03,M,00:18:42.88,116685
1,13,F03,M,00:20:19.86,116737
1,14,F03,M,00:21:56.84,116333
1,15,F03,M,00:23:33.81,116372
1,16,F03,M,00:25:10.78,115794
1,17,F03,M,00:26:47.79,116166
1,18,F03,M,00:28:24.77,115546
1,19,F03,M,00:30:01.76,115675
1,20,F03,M,00:31:38.75,115730
1,21,F03,M,00:33:15.72,115648
1,22,F03,M,00:34:52.72,115535
1,23,F03,M,00:36:29.69,114730
1,24,F03,M,00:38:06.67,114884
1,25,F03,M,00:39:43.65,115446
1,26,F03,M,00:41:20.62,114969
1,27,F03,M,00:42:57.60,115434
1,28,F03,M,00:44:34.58,114157
1,29,F03,M,00:46:11.58,114627
1,30,F03,M,00:47:48.58,114728
1,1,F04,M,00:00:57.47,55490
1,2,F04,M,00:02:34.44,54907
1,3,F04,M,00:04:11.42,54946
1,4,F04,M,00:05:48.39,55042
1,5,F04,M,00:07:25.37,54313
1,6,F04,M,00:09:02.34,55076
1,7,F04,M,00:10:39.31,55205
1,8,F04,M,00:12:16.29,55459
1,9,F04,M,00:13:53.26,55401
1,10,F04,M,00:15:30.25,56322
1,11,F04,M,00:17:07.23,55798
1,12,F04,M,00:18:44.21,55736
1,13,F04,M,00:20:21.18,55942
1,14,F04,M,00:21:58.16,56024
1,15,F04,M,00:23:35.14,56200
1,16,F04,M,00:25:12.11,55715
1,17,F04,M,00:26:49.12,56122
1,18,F04,M,00:28:26.09,55687
1,19,F04,M,00:30:03.08,55819
1,20,F04,M,00:31:40.07,55579
1,21,F04,M,00:33:17.05,56095
1,22,F04,M,00:34:54.04,55716
1,23,F04,M,00:36:31.02,55887
1,24,F04,M,00:38:08.00,55771
1,25,F04,M,00:39:44.97,55454
1,26,F04,M,00:41:21.95,55402
1,27,F04,M,00:42:58.93,55554
1,28,F04,M,00:44:35.91,55295
1,29,F04,M,00:46:12.91,55344
1,30,F04,M,00:47:49.90,55261
1,1,F05,M,00:00:58.79,26528
1,2,F05,M,00:02:35.77,26884
1,3,F05,M,00:04:12.74,26774
1,4,F05,M,00:05:49.72,26534
1,5,F05,M,00:07:26.69,26884
1,6,F05,M,00:09:03.66,26815
1,7,F05,M,00:10:40.63,27101
1,8,F05,M,00:12:17.61,26728
1,9,F05,M,00:13:54.60,27067
1,10,F05,M,00:15:31.58,27145
1,11,F05,M,00:17:08.56,27102
1,12,F05,M,00:18:45.53,26596
1,13,F05,M,00:20:22.51,27017
1,14,F05,M,00:21:59.49,26698
1,15,F05,M,00:23:36.46,27054
1,16,F05,M,00:25:13.43,26702
1,17,F05,M,00:26:50.44,27021
1,18,F05,M,00:28:27.42,26703
1,19,F05,M,00:30:04.41,26933
1,20,F05,M,00:31:41.40,26774
1,21,F05,M,00:33:18.37,26816
1,22,F05,M,00:34:55.37,27014
1,23,F05,M,00:36:32.34,26928
1,24,F05,M,00:38:09.32,26788
1,25,F05,M,00:39:46.30,26629
1,26,F05,M,00:41:23.27,26695
1,27,F05,M,00:43:00.25,26614
1,28,F05,M,00:44:37.23,26639
1,29,F05,M,00:46:14.23,26470
1,30,F05,M,00:47:51.22,26484
1,1,F06,M,00:01:00.12,12842
1,2,F06,M,00:02:37.09,12677
1,3,F06,M,00:04:14.07,12968
1,4,F06,M,00:05:51.04,13179
1,5,F06,M,00:07:28.02,13125
1,6,F06,M,00:09:04.99,13092
1,7,F06,M,00:10:41.96,12990
1,8,F06,M,00:12:18.94,12843
1,9,F06,M,00:13:55.93,13071
1,10,F06,M,00:15:32.90,13158
1,11,F06,M,00:17:09.88,12927
1,12,F06,M,00:18:46.86,13305
1,13,F06,M,00:20:23.83,13081
1,14,F06,M,00:22:00.81,13043
1,15,F06,M,00:23:37.79,13018
1,16,F06,M,00:25:14.76,13132
1,17,F06,M,00:26:51.76,13051
1,18,F06,M,00:28:28.74,13369
1,19,F06,M,00:30:05.73,13101
1,20,F06,M,00:31:42.72,12982
1,21,F06,M,00:33:19.70,12821
1,22,F06,M,00:34:56.69,12957
1,23,F06,M,00:36:33.67,13019
1,24,F06,M,00:38:10.65,13047
1,25,F06,M,00:39:47.62,13114
1,26,F06,M,00:41:24.60,12755
1,27,F06,M,00:43:01.58,12957
1,28,F06,M,00:44:38.56,13052
1,29,F06,M,00:46:15.56,12784
1,30,F06,M,00:47:52.55,12996
1,1,F07,M,00:01:01.44,6313
1,2,F07,M,00:02:38.42,6336
1,3,F07,M,00:04:15.39,6255
1,4,F07,M,00:05:52.37,6238
1,5,F07,M,00:07:29.34,6286
1,6,F07,M,00:09:06.31,6419
1,7,F07,M,00:10:43.28,6346
1,8,F07,M,00:12:20.26,6240
1,9,F07,M,00:13:57.25,6268
1,10,F07,M,00:15:34.23,6310
1,11,F07,M,00:17:11.21,6495
1,12,F07,M,00:18:48.18,6373
1,13,F07,M,00:20:25.16,6371
1,14,F07,M,00:22:02.14,6448
1,15,F07,M,00:23:39.11,6324
1,16,F07,M,00:25:16.08,6340
1,17,F07,M,00:26:53.09,6398
1,18,F07,M,00:28:30.07,6455
1,19,F07,M,00:30:07.06,6336
1,20,F07,M,00:31:44.04,6351
1,21,F07,M,00:33:21.02,6279
1,22,F07,M,00:34:58.02,6248
1,23,F07,M,00:36:34.99,6410
1,24,F07,M,00:38:11.97,6300
1,25,F07,M,00:39:48.95,6209
1,26,F07,M,00:41:25.92,6290
1,27,F07,M,00:43:02.90,6354
1,28,F07,M,00:44:39.88,6403
1,29,F07,M,00:46:16.88,6431
1,30,F07,M,00:47:53.87,6402
1,1,F08,M,00:01:02.77,3087
1,2,F08,M,00:02:39.74,2966
1,3,F08,M,00:04:16.72,3017
1,4,F08,M,00:05:53.69,3201
1,5,F08,M,00:07:30.67,3086
1,6,F08,M,00:09:07.64,3047
1,7,F08,M,00:10:44.61,3064
1,8,F08,M,00:12:21.59,3196
1,9,F08,M,00:13:58.58,3090
1,10,F08,M,00:15:35.55,3130
1,11,F08,M,00:17:12.53,3092
1,12,F08,M,00:18:49.51,3162
1,13,F08,M,00:20:26.48,3129
1,14,F08,M,00:22:03.46,3031
1,15,F08,M,00:23:40.44,3214
1,16,F08,M,00:25:17.41,3178
1,17,F08,M,00:26:54.41,3139
1,18,F08,M,00:28:31.39,3205
1,19,F08,M,00:30:08.38,3036
1,20,F08,M,00:31:45.37,3123
1,21,F08,M,00:33:22.35,2958
1,22,F08,M,00:34:59.34,3007
1,23,F08,M,00:36:36.32,3181
1,24,F08,M,00:38:13.30,3101
1,25,F08,M,00:39:50.27,3159
1,26,F08,M,00:41:27.25,3059
1,27,F08,M,00:43:04.23,3076
1,28,F08,M,00:44:41.21,3079
1,29,F08,M,00:46:18.21,3135
1,30,F08,M,00:47:55.20,3074
1,1,F09,M,00:01:04.09,1694
1,2,F09,M,00:02:41.07,1563
1,3,F09,M,00:04:18.04,1567
1,4,F09,M,00:05:55.01,1536
1,5,F09,M,00:07:31.99,1575
1,6,F09,M,00:09:08.96,1546
1,7,F09,M,00:10:45.93,1569
1,8,F09,M,00:12:22.91,1573
1,9,F09,M,00:13:59.90,1603
1,10,F09,M,00:15:36.88,1655
1,11,F09,M,00:17:13.86,1581
1,12,F09,M,00:18:50.83,1627
1,13,F09,M,00:20:27.81,1633
1,14,F09,M,00:22:04.79,1570
1,15,F09,M,00:23:41.76,1586
1,16,F09,M,00:25:18.73,1651
1,17,F09,M,00:26:55.74,1570
1,18,F09,M,00:28:32.72,1552
1,19,F09,M,00:30:09.71,1530
1,20,F09,M,00:31:46.69,1546
1,21,F09,M,00:33:23.67,1674
1,22,F09,M,00:35:00.67,1585
1,23,F09,M,00:36:37.64,1608
1,24,F09,M,00:38:14.62,1602
1,25,F09,M,00:39:51.60,1662
1,26,F09,M,00:41:28.57,1556
1,27,F09,M,00:43:05.55,1463
1,28,F09,M,00:44:42.53,1602
1,29,F09,M,00:46:19.53,1620
1,30,F09,M,00:47:56.52,1595
1,1,F10,M,00:01:05.42,777
1,2,F10,M,00:02:42.39,789
1,3,F10,M,00:04:19.37,801
1,4,F10,M,00:05:56.34,788
1,5,F10,M,00:07:33.32,807
1,6,F10,M,00:09:10.29,803
1,7,F10,M,00:10:47.26,739
1,8,F10,M,00:12:24.24,784
1,9,F10,M,00:14:01.23,804
1,10,F10,M,00:15:38.20,802
1,11,F10,M,00:17:15.18,836
1,12,F10,M,00:18:52.16,788
1,13,F10,M,00:20:29.13,768
1,14,F10,M,00:22:06.11,808
1,15,F10,M,00:23:43.09,780
1,16,F10,M,00:25:20.06,773
1,17,F10,M,00:26:57.06,841
1,18,F10,M,00:28:34.04,799
1,19,F10,M,00:30:11.03,816
1,20,F10,M,00:31:48.02,799
1,21,F10,M,00:33:25.00,794
1,22,F10,M,00:35:01.99,800
1,23,F10,M,00:36:38.97,841
1,24,F10,M,00:38:15.95,807
1,25,F10,M,00:39:52.92,799
1,26,F10,M,00:41:29.90,760
1,27,F10,M,00:43:06.87,772
1,28,F10,M,00:44:43.86,816
1,29,F10,M,00:46:20.86,777
1,30,F10,M,00:47:57.85,760
1,1,F11,M,00:01:06.74,427
1,2,F11,M,00:02:43.72,448
1,3,F11,M,00:04:20.69,423
1,4,F11,M,00:05:57.67,414
1,5,F11,M,00:07:34.64,410
1,6,F11,M,00:09:11.61,402
1,7,F11,M,00:10:48.58,500
1,8,F11,M,00:12:25.56,453
1,9,F11,M,00:14:02.55,468
1,10,F11,M,00:15:39.53,436
1,11,F11,M,00:17:16.51,447
1,12,F11,M,00:18:53.48,433
1,13,F11,M,00:20:30.46,431
1,14,F11,M,00:22:07.44,490
1,15,F11,M,00:23:44.41,450
1,16,F11,M,00:25:21.38,457
1,17,F11,M,00:26:58.39,436
1,18,F11,M,00:28:35.37,445
1,19,F11,M,00:30:12.36,417
1,20,F11,M,00:31:49.34,428
1,21,F11,M,00:33:26.32,416
1,22,F11,M,00:35:03.32,450
1,23,F11,M,00:36:40.29,463
1,24,F11,M,00:38:17.27,428
1,25,F11,M,00:39:54.25,427
1,26,F11,M,00:41:31.22,450
1,27,F11,M,00:43:08.20,441
1,28,F11,M,00:44:45.18,427
1,29,F11,M,00:46:22.18,443
1,30,F11,M,00:47:59.17,419
1,1,F12,M,00:01:08.07,283
1,2,F12,M,00:02:45.04,294
1,3,F12,M,00:04:22.02,277
1,4,F12,M,00:05:58.99,288
1,5,F12,M,00:07:35.97,254
1,6,F12,M,00:09:12.94,280
1,7,F12,M,00:10:49.91,269
1,8,F12,M,00:12:26.89,290
1,9,F12,M,00:14:03.88,262
1,10,F12,M,00:15:40.85,308
1,11,F12,M,00:17:17.83,273
1,12,F12,M,00:18:54.81,294
1,13,F12,M,00:20:31.78,314
1,14,F12,M,00:22:08.76,266
1,15,F12,M,00:23:45.74,308
1,16,F12,M,00:25:22.71,279
1,17,F12,M,00:26:59.71,288
1,18,F12,M,00:28:36.69,258
1,19,F12,M,00:30:13.68,266
1,20,F12,M,00:31:50.67,296
1,21,F12,M,00:33:27.65,282
1,22,F12,M,00:35:04.64,236
1,23,F12,M,00:36:41.62,295
1,24,F12,M,00:38:18.59,275
1,25,F12,M,00:39:55.57,241
1,26,F12,M,00:41:32.55,237
1,27,F12,M,00:43:09.52,248
1,28,F12,M,00:44:46.51,267
1,29,F12,M,00:46:23.51,272
1,30,F12,M,00:48:00.51,268
1,1,G01,M,00:01:11.83,464708
1,2,G01,M,00:02:48.80,462054
1,3,G01,M,00:04:25.78,463701
1,4,G01,M,00:06:02.75,463577
1,5,G01,M,00:07:39.73,464227
1,6,G01,M,00:09:16.70,465424
1,7,G01,M,00:10:53.67,465594
1,8,G01,M,00:12:30.65,465881
1,9,G01,M,00:14:07.64,465596
1,10,G01,M,00:15:44.62,465837
1,11,G01,M,00:17:21.59,465184
1,12,G01,M,00:18:58.57,466484
1,13,G01,M,00:20:35.55,466050
1,14,G01,M,00:22:12.52,464526
1,15,G01,M,00:23:49.50,464760
1,16,G01,M,00:25:26.47,464671
1,17,G01,M,00:27:03.48,464449
1,18,G01,M,00:28:40.45,464026
1,19,G01,M,00:30:17.45,463729
1,20,G01,M,00:31:54.43,461126
1,21,G01,M,00:33:31.41,463498
1,22,G01,M,00:35:08.41,462030
1,23,G01,M,00:36:45.38,461502
1,24,G01,M,00:38:22.36,460509
1,25,G01,M,00:39:59.34,461592
1,26,G01,M,00:41:36.31,459792
1,27,G01,M,00:43:13.29,460324
1,28,G01,M,00:44:50.27,459393
1,29,G01,M,00:46:27.27,460127
1,30,G01,M,00:48:04.28,459261
1,1,G02,M,00:01:13.15,239783
1,2,G02,M,00:02:50.13,240612
1,3,G02,M,00:04:27.11,238872
1,4,G02,M,00:06:04.08,237989
1,5,G02,M,00:07:41.06,238420
1,6,G02,M,00:09:18.03,240914
1,7,G02,M,00:10:55.00,238922
1,8,G02,M,00:12:31.97,240567
1,9,G02,M,00:14:08.97,240338
1,10,G02,M,00:15:45.94,241386
1,11,G02,M,00:17:22.92,242299
1,12,G02,M,00:18:59.90,242727
1,13,G02,M,00:20:36.87,242154
1,14,G02,M,00:22:13.85,241954
1,15,G02,M,00:23:50.82,241788
1,16,G02,M,00:25:27.80,243411
1,17,G02,M,00:27:04.80,241323
1,18,G02,M,00:28:41.78,242626
1,19,G02,M,00:30:18.77,242007
1,20,G02,M,00:31:55.76,241682
1,21,G02,M,00:33:32.74,243141
1,22,G02,M,00:35:09.73,241457
1,23,G02,M,00:36:46.71,242240
1,24,G02,M,00:38:23.68,242683
1,25,G02,M,00:40:00.66,241022
1,26,G02,M,00:41:37.64,241593
1,27,G02,M,00:43:14.61,240889
1,28,G02,M,00:44:51.60,240116
1,29,G02,M,00:46:28.60,240652
1,30,G02,M,00:48:05.60,240297
1,1,G03,M,00:01:14.48,115335
1,2,G03,M,00:02:51.46,114643
1,3,G03,M,00:04:28.43,114706
1,4,G03,M,00:06:05.40,114062
1,5,G03,M,00:07:42.38,114675
1,6,G03,M,00:09:19.35,115762
1,7,G03,M,00:10:56.32,115542
1,8,G03,M,00:12:33.30,115832
1,9,G03,M,00:14:10.29,115875
1,10,G03,M,00:15:47.27,116779
1,11,G03,M,00:17:24.24,116148
1,12,G03,M,00:19:01.22,116433
1,13,G03,M,00:20:38.20,116321
1,14,G03,M,00:22:15.17,116116
1,15,G03,M,00:23:52.15,116420
1,16,G03,M,00:25:29.12,116613
1,17,G03,M,00:27:06.13,115829
1,18,G03,M,00:28:43.11,116183
1,19,G03,M,00:30:20.10,115477
1,20,G03,M,00:31:57.08,115377
1,21,G03,M,00:33:34.06,115584
1,22,G03,M,00:35:11.06,115207
1,23,G03,M,00:36:48.03,114981
1,24,G03,M,00:38:25.01,114915
1,25,G03,M,00:40:01.99,115214
1,26,G03,M,00:41:38.96,115343
1,27,G03,M,00:43:15.94,115298
1,28,G03,M,00:44:52.92,115070
1,29,G03,M,00:46:29.92,113929
1,30,G03,M,00:48:06.93,114410
1,1,G04,M,00:01:15.80,55508
1,2,G04,M,00:02:52.78,55640
1,3,G04,M,00:04:29.76,55316
1,4,G04,M,00:06:06.73,55913
1,5,G04,M,00:07:43.71,55526
1,6,G04,M,00:09:20.68,55909
1,7,G04,M,00:10:57.65,55777
1,8,G04,M,00:12:34.62,55771
1,9,G04,M,00:14:11.62,55892
1,10,G04,M,00:15:48.59,56297
1,11,G04,M,00:17:25.57,56316
1,12,G04,M,00:19:02.55,56305
1,13,G04,M,00:20:39.52,55677
1,14,G04,M,00:22:16.50,56216
1,15,G04,M,00:23:53.47,55815
1,16,G04,M,00:25:30.45,56053
1,17,G04,M,00:27:07.45,55978
1,18,G04,M,00:28:44.43,56059
1,19,G04,M,00:30:21.42,56363
1,20,G04,M,00:31:58.41,56504
1,21,G04,M,00:33:35.39,56125
1,22,G04,M,00:35:12.38,55864
1,23,G04,M,00:36:49.36,56183
1,24,G04,M,00:38:26.33,55883
1,25,G04,M,00:40:03.31,55538
1,26,G04,M,00:41:40.29,55791
1,27,G04,M,00:43:17.26,55913
1,28,G04,M,00:44:54.25,55816
1,29,G04,M,00:46:31.25,56029
1,30,G04,M,00:48:08.25,55911
1,1,G05,M,00:01:17.13,26947
1,2,G05,M,00:02:54.11,26827
1,3,G05,M,00:04:31.08,27042
1,4,G05,M,00:06:08.05,27363
1,5,G05,M,00:07:45.03,27179
1,6,G05,M,00:09:22.00,27193
1,7,G05,M,00:10:58.97,26865
1,8,G05,M,00:12:35.95,27126
1,9,G05,M,00:14:12.94,26984
1,10,G05,M,00:15:49.92,27321
1,11,G05,M,00:17:26.89,27104
1,12,G05,M,00:19:03.87,27338
1,13,G05,M,00:20:40.85,27151
1,14,G05,M,00:22:17.82,27102
1,15,G05,M,00:23:54.80,27357
1,16,G05,M,00:25:31.77,27055
1,17,G05,M,00:27:08.78,27253
1,18,G05,M,00:28:45.76,26938
1,19,G05,M,00:30:22.75,27043
1,20,G05,M,00:31:59.73,26845
1,21,G05,M,00:33:36.71,27009
1,22,G05,M,00:35:13.71,26925
1,23,G05,M,00:36:50.68,26750
1,24,G05,M,00:38:27.66,26818
1,25,G05,M,00:40:04.64,26960
1,26,G05,M,00:41:41.61,26750
1,27,G05,M,00:43:18.59,26859
1,28,G05,M,00:44:55.57,26739
1,29,G05,M,00:46:32.57,26997
1,30,G05,M,00:48:09.58,26835
1,1,G06,M,00:01:18.45,13082
1,2,G06,M,00:02:55.43,12903
1,3,G06,M,00:04:32.41,12955
1,4,G06,M,00:06:09.38,13018
1,5,G06,M,00:07:46.35,12967
1,6,G06,M,00:09:23.33,13082
1,7,G06,M,00:11:00.30,13440
1,8,G06,M,00:12:37.28,12917
1,9,G06,M,00:14:14.27,13326
1,10,G06,M,00:15:51.24,13339
1,11,G06,M,00:17:28.22,13251
1,12,G06,M,00:19:05.20,13185
1,13,G06,M,00:20:42.17,13027
1,14,G06,M,00:22:19.15,13041
1,15,G06,M,00:23:56.12,13254
1,16,G06,M,00:25:33.10,13357
1,17,G06,M,00:27:10.10,13231
1,18,G06,M,00:28:47.08,13253
1,19,G06,M,00:30:24.07,13041
1,20,G06,M,00:32:01.06,13035
1,21,G06,M,00:33:38.04,13132
1,22,G06,M,00:35:15.03,12956
1,23,G06,M,00:36:52.01,13186
1,24,G06,M,00:38:28.98,13076
1,25,G06,M,00:40:05.96,13107
1,26,G06,M,00:41:42.94,13054
1,27,G06,M,00:43:19.91,12995
1,28,G06,M,00:44:56.90,13045
1,29,G06,M,00:46:33.90,12914
1,30,G06,M,00:48:10.90,13069
1,1,G07,M,00:01:19.78,6386
1,2,G07,M,00:02:56.76,6311
1,3,G07,M,00:04:33.73,6424
1,4,G07,M,00:06:10.70,6505
1,5,G07,M,00:07:47.68,6266
1,6,G07,M,00:09:24.65,6453
1,7,G07,M,00:11:01.62,6395
1,8,G07,M,00:12:38.60,6609
1,9,G07,M,00:14:15.59,6425
1,10,G07,M,00:15:52.57,6445
1,11,G07,M,00:17:29.54,6506
1,12,G07,M,00:19:06.52,6462
1,13,G07,M,00:20:43.50,6441
1,14,G07,M,00:22:20.47,6429
1,15,G07,M,00:23:57.45,6372
1,16,G07,M,00:25:34.42,6483
1,17,G07,M,00:27:11.43,6401
1,18,G07,M,00:28:48.40,6375
1,19,G07,M,00:30:25.40,6460
1,20,G07,M,00:32:02.38,6472
1,21,G07,M,00:33:39.36,6529
1,22,G07,M,00:35:16.36,6401
1,23,G07,M,00:36:53.33,6416
1,24,G07,M,00:38:30.31,6305
1,25,G07,M,00:40:07.29,6408
1,26,G07,M,00:41:44.26,6401
1,27,G07,M,00:43:21.24,6370
1,28,G07,M,00:44:58.22,6267
1,29,G07,M,00:46:35.22,6343
1,30,G07,M,00:48:12.23,6422
1,1,G08,M,00:01:21.10,3170
1,2,G08,M,00:02:58.08,3149
1,3,G08,M,00:04:35.06,3139
1,4,G08,M,00:06:12.03,3152
1,5,G08,M,00:07:49.00,3089
1,6,G08,M,00:09:25.98,3119
1,7,G08,M,00:11:02.95,3170
1,8,G08,M,00:12:39.92,3205
1,9,G08,M,00:14:16.92,3169
1,10,G08,M,00:15:53.89,3210
1,11,G08,M,00:17:30.87,3258
1,12,G08,M,00:19:07.85,3188
1,13,G08,M,00:20:44.82,3111
1,14,G08,M,00:22:21.80,3170
1,15,G08,M,00:23:58.77,3129
1,16,G08,M,00:25:35.75,3123
1,17,G08,M,00:27:12.75,3238
1,18,G08,M,00:28:49.73,3195
1,19,G08,M,00:30:26.72,3157
1,20,G08,M,00:32:03.71,3171
1,21,G08,M,00:33:40.69,3030
1,22,G08,M,00:35:17.68,3051
1,23,G08,M,00:36:54.66,3128
1,24,G08,M,00:38:31.63,3338
1,25,G08,M,00:40:08.61,2987
1,26,G08,M,00:41:45.59,3178
1,27,G08,M,00:43:22.56,3166
1,28,G08,M,00:44:59.54,3105
1,29,G08,M,00:46:36.55,3097
1,30,G08,M,00:48:13.55,3109
1,1,G09,M,00:01:22.43,1598
1,2,G09,M,00:02:59.41,1538
1,3,G09,M,00:04:36.38,1599
1,4,G09,M,00:06:13.35,1525
1,5,G09,M,00:07:50.33,1560
1,6,G09,M,00:09:27.30,1577
1,7,G09,M,00:11:04.27,1544
1,8,G09,M,00:12:41.25,1593
1,9,G09,M,00:14:18.24,1629
1,10,G09,M,00:15:55.22,1655
1,11,G09,M,00:17:32.19,1655
1,12,G09,M,00:19:09.17,1627
1,13,G09,M,00:20:46.15,1641
1,14,G09,M,00:22:23.12,1621
1,15,G09,M,00:24:00.10,1637
1,16,G09,M,00:25:37.09,1672
1,17,G09,M,00:27:14.08,1599
1,18,G09,M,00:28:51.05,1638
1,19,G09,M,00:30:28.05,1611
1,20,G09,M,00:32:05.03,1711
1,21,G09,M,00:33:42.01,1633
1,22,G09,M,00:35:19.01,1602
1,23,G09,M,00:36:55.98,1614
1,24,G09,M,00:38:32.96,1625
1,25,G09,M,00:40:09.94,1650
1,26,G09,M,00:41:46.91,1634
1,27,G09,M,00:43:23.89,1562
1,28,G09,M,00:45:00.87,1566
1,29,G09,M,00:46:37.87,1610
1,30,G09,M,00:48:14.88,1670
1,1,G10,M,00:01:23.75,798
1,2,G10,M,00:03:00.73,847
1,3,G10,M,00:04:37.71,828
1,4,G10,M,00:06:14.68,807
1,5,G10,M,00:07:51.65,840
1,6,G10,M,00:09:28.63,854
1,7,G10,M,00:11:05.60,847
1,8,G10,M,00:12:42.57,831
1,9,G10,M,00:14:19.57,849
1,10,G10,M,00:15:56.54,834
1,11,G10,M,00:17:33.52,842
1,12,G10,M,00:19:10.50,823
1,13,G10,M,00:20:47.47,855
1,14,G10,M,00:22:24.45,815
1,15,G10,M,00:24:01.42,871
1,16,G10,M,00:25:38.41,831
1,17,G10,M,00:27:15.40,809
1,18,G10,M,00:28:52.38,827
1,19,G10,M,00:30:29.37,858
1,20,G10,M,00:32:06.36,827
1,21,G10,M,00:33:43.34,820
1,22,G10,M,00:35:20.33,838
1,23,G10,M,00:36:57.31,796
1,24,G10,M,00:38:34.28,841
1,25,G10,M,00:40:11.26,859
1,26,G10,M,00:41:48.24,847
1,27,G10,M,00:43:25.21,824
1,28,G10,M,00:45:02.19,825
1,29,G10,M,00:46:39.21,821
1,30,G10,M,00:48:16.20,822
1,1,G11,M,00:01:25.08,448
1,2,G11,M,00:03:02.06,426
1,3,G11,M,00:04:39.03,471
1,4,G11,M,00:06:16.00,487
1,5,G11,M,00:07:52.98,448
1,6,G11,M,00:09:29.95,459
1,7,G11,M,00:11:06.92,467
1,8,G11,M,00:12:43.90,479
1,9,G11,M,00:14:20.89,456
1,10,G11,M,00:15:57.87,451
1,11,G11,M,00:17:34.84,488
1,12,G11,M,00:19:11.82,459
1,13,G11,M,00:20:48.80,463
1,14,G11,M,00:22:25.77,481
1,15,G11,M,00:24:02.75,495
1,16,G11,M,00:25:39.74,451
1,17,G11,M,00:27:16.73,453
1,18,G11,M,00:28:53.70,496
1,19,G11,M,00:30:30.70,463
1,20,G11,M,00:32:07.68,504
1,21,G11,M,00:33:44.66,500
1,22,G11,M,00:35:21.66,463
1,23,G11,M,00:36:58.63,468
1,24,G11,M,00:38:35.61,437
1,25,G11,M,00:40:12.59,460
1,26,G11,M,00:41:49.56,454
1,27,G11,M,00:43:26.54,444
1,28,G11,M,00:45:03.52,463
1,29,G11,M,00:46:40.54,473
1,30,G11,M,00:48:17.53,461
1,1,G12,M,00:01:26.40,121
1,2,G12,M,00:03:03.38,134
1,3,G12,M,00:04:40.36,125
1,4,G12,M,00:06:17.33,138
1,5,G12,M,00:07:54.30,129
1,6,G12,M,00:09:31.28,126
1,7,G12,M,00:11:08.25,129
1,8,G12,M,00:12:45.22,144
1,9,G12,M,00:14:22.22,131
1,10,G12,M,00:15:59.19,125
1,11,G12,M,00:17:36.17,138
1,12,G12,M,00:19:13.15,136
1,13,G12,M,00:20:50.12,140
1,14,G12,M,00:22:27.10,142
1,15,G12,M,00:24:04.07,152
1,16,G12,M,00:25:41.06,129
1,17,G12,M,00:27:18.05,135
1,18,G12,M,00:28:55.03,131
1,19,G12,M,00:30:32.02,124
1,20,G12,M,00:32:09.01,128
1,21,G12,M,00:33:45.99,131
1,22,G12,M,00:35:22.98,144
1,23,G12,M,00:36:59.96,149
1,24,G12,M,00:38:36.93,137
1,25,G12,M,00:40:13.91,135
1,26,G12,M,00:41:50.89,137
1,27,G12,M,00:43:27.86,134
1,28,G12,M,00:45:04.84,157
1,29,G12,M,00:46:41.86,148
1,30,G12,M,00:48:18.85,130
1,1,H01,M,00:01:30.17,461761
1,2,H01,M,00:03:07.14,463320
1,3,H01,M,00:04:44.12,462665
1,4,H01,M,00:06:21.09,462437
1,5,H01,M,00:07:58.07,465704
1,6,H01,M,00:09:35.04,465616
1,7,H01,M,00:11:12.01,466660
1,8,H01,M,00:12:48.99,465526
1,9,H01,M,00:14:25.98,467502
1,10,H01,M,00:16:02.96,468143
1,11,H01,M,00:17:39.93,468214
1,12,H01,M,00:19:16.91,468053
1,13,H01,M,00:20:53.89,466649
1,14,H01,M,00:22:30.86,467115
1,15,H01,M,00:24:07.83,467850
1,16,H01,M,00:25:44.82,466986
1,17,H01,M,00:27:21.82,466214
1,18,H01,M,00:28:58.79,465414
1,19,H01,M,00:30:35.79,465213
1,20,H01,M,00:32:12.77,463674
1,21,H01,M,00:33:49.75,463752
1,22,H01,M,00:35:26.74,463835
1,23,H01,M,00:37:03.72,463370
1,24,H01,M,00:38:40.70,463013
1,25,H01,M,00:40:17.67,463483
1,26,H01,M,00:41:54.65,462232
1,27,H01,M,00:43:31.63,459781
1,28,H01,M,00:45:08.61,460806
1,29,H01,M,00:46:45.62,461587
1,30,H01,M,00:48:22.62,461750
1,1,H02,M,00:01:31.49,233401
1,2,H02,M,00:03:08.47,233068
1,3,H02,M,00:04:45.44,232996
1,4,H02,M,00:06:22.42,232397
1,5,H02,M,00:07:59.39,231053
1,6,H02,M,00:09:36.36,232798
1,7,H02,M,00:11:13.34,234278
1,8,H02,M,00:12:50.31,234872
1,9,H02,M,00:14:27.30,235407
1,10,H02,M,00:16:04.28,236151
1,11,H02,M,00:17:41.26,236365
1,12,H02,M,00:19:18.23,237587
1,13,H02,M,00:20:55.21,237441
1,14,H02,M,00:22:32.19,237842
1,15,H02,M,00:24:09.16,237519
1,16,H02,M,00:25:46.15,237559
1,17,H02,M,00:27:23.14,237828
1,18,H02,M,00:29:00.12,236984
1,19,H02,M,00:30:37.11,237595
1,20,H02,M,00:32:14.10,237047
1,21,H02,M,00:33:51.08,236690
1,22,H02,M,00:35:28.07,236828
1,23,H02,M,00:37:05.05,236517
1,24,H02,M,00:38:42.02,236103
1,25,H02,M,00:40:19.00,236268
1,26,H02,M,00:41:55.98,235003
1,27,H02,M,00:43:32.95,235434
1,28,H02,M,00:45:09.93,235655
1,29,H02,M,00:46:46.95,234812
1,30,H02,M,00:48:23.94,235398
1,1,H03,M,00:01:32.82,114625
1,2,H03,M,00:03:09.79,114269
1,3,H03,M,00:04:46.77,114123
1,4,H03,M,00:06:23.74,113809
1,5,H03,M,00:08:00.72,113837
1,6,H03,M,00:09:37.69,114307
1,7,H03,M,00:11:14.66,114710
1,8,H03,M,00:12:51.64,115281
1,9,H03,M,00:14:28.63,115509
1,10,H03,M,00:16:05.61,116399
1,11,H03,M,00:17:42.58,116027
1,12,H03,M,00:19:19.56,115852
1,13,H03,M,00:20:56.54,117018
1,14,H03,M,00:22:33.52,116381
1,15,H03,M,00:24:10.48,116405
1,16,H03,M,00:25:47.48,116304
1,17,H03,M,00:27:24.47,115902
1,18,H03,M,00:29:01.44,116223
1,19,H03,M,00:30:38.44,116393
1,20,H03,M,00:32:15.42,115778
1,21,H03,M,00:33:52.40,116331
1,22,H03,M,00:35:29.39,115697
1,23,H03,M,00:37:06.37,115729
1,24,H03,M,00:38:43.35,115074
1,25,H03,M,00:40:20.32,115431
1,26,H03,M,00:41:57.30,114911
1,27,H03,M,00:43:34.28,114895
1,28,H03,M,00:45:11.26,114560
1,29,H03,M,00:46:48.28,114550
1,30,H03,M,00:48:25.27,114785
1,1,H04,M,00:01:34.14,54452
1,2,H04,M,00:03:11.12,54969
1,3,H04,M,00:04:48.09,54546
1,4,H04,M,00:06:25.07,54599
1,5,H04,M,00:08:02.04,55061
1,6,H04,M,00:09:39.01,55312
1,7,H04,M,00:11:15.99,54957
1,8,H04,M,00:12:52.96,55279
1,9,H04,M,00:14:29.96,55144
1,10,H04,M,00:16:06.93,55623
1,11,H04,M,00:17:43.91,55742
1,12,H04,M,00:19:20.88,55411
1,13,H04,M,00:20:57.86,55572
1,14,H04,M,00:22:34.84,55595
1,15,H04,M,00:24:11.81,55283
1,16,H04,M,00:25:48.80,56166
1,17,H04,M,00:27:25.79,55715
1,18,H04,M,00:29:02.77,55522
1,19,H04,M,00:30:39.76,55539
1,20,H04,M,00:32:16.75,55424
1,21,H04,M,00:33:53.73,55565
1,22,H04,M,00:35:30.72,55606
1,23,H04,M,00:37:07.70,55646
1,24,H04,M,00:38:44.67,55451
1,25,H04,M,00:40:21.65,55370
1,26,H04,M,00:41:58.63,55102
1,27,H04,M,00:43:35.60,55156
1,28,H04,M,00:45:12.58,55145
1,29,H04,M,00:46:49.60,54761
1,30,H04,M,00:48:26.59,54869
1,1,H05,M,00:01:35.47,26548
1,2,H05,M,00:03:12.44,26807
1,3,H05,M,00:04:49.42,26767
1,4,H05,M,00:06:26.39,26916
1,5,H05,M,00:08:03.37,26837
1,6,H05,M,00:09:40.34,27109
1,7,H05,M,00:11:17.31,26967
1,8,H05,M,00:12:54.29,26889
1,9,H05,M,00:14:31.28,26871
1,10,H05,M,00:16:08.26,27037
1,11,H05,M,00:17:45.23,27067
1,12,H05,M,00:19:22.21,27159
1,13,H05,M,00:20:59.19,26797
1,14,H05,M,00:22:36.16,26953
1,15,H05,M,00:24:13.13,27147
1,16,H05,M,00:25:50.13,26888
1,17,H05,M,00:27:27.12,27083
1,18,H05,M,00:29:04.09,27102
1,19,H05,M,00:30:41.09,26653
1,20,H05,M,00:32:18.07,26825
1,21,H05,M,00:33:55.05,26860
1,22,H05,M,00:35:32.04,26881
1,23,H05,M,00:37:09.02,26916
1,24,H05,M,00:38:46.00,26810
1,25,H05,M,00:40:22.97,26819
1,26,H05,M,00:41:59.95,26628
1,27,H05,M,00:43:36.93,26607
1,28,H05,M,00:45:13.91,26792
1,29,H05,M,00:46:50.92,26402
1,30,H05,M,00:48:27.92,26576
1,1,H06,M,00:01:36.79,13213
1,2,H06,M,00:03:13.77,12859
1,3,H06,M,00:04:50.74,12916
1,4,H06,M,00:06:27.72,13181
1,5,H06,M,00:08:04.69,13166
1,6,H06,M,00:09:41.66,13115
1,7,H06,M,00:11:18.64,13055
1,8,H06,M,00:12:55.61,13277
1,9,H06,M,00:14:32.60,13082
1,10,H06,M,00:16:09.58,13335
1,11,H06,M,00:17:46.56,13245
1,12,H06,M,00:19:23.53,13423
1,13,H06,M,00:21:00.51,12916
1,14,H06,M,00:22:37.49,13252
1,15,H06,M,00:24:14.46,13217
1,16,H06,M,00:25:51.45,13117
1,17,H06,M,00:27:28.44,12979
1,18,H06,M,00:29:05.42,13171
1,19,H06,M,00:30:42.41,12845
1,20,H06,M,00:32:19.40,12921
1,21,H06,M,00:33:56.38,12995
1,22,H06,M,00:35:33.37,13079
1,23,H06,M,00:37:10.35,12726
1,24,H06,M,00:38:47.32,12669
1,25,H06,M,00:40:24.30,12882
1,26,H06,M,00:42:01.28,12918
1,27,H06,M,00:43:38.25,12850
1,28,H06,M,00:45:15.23,12953
1,29,H06,M,00:46:52.25,13100
1,30,H06,M,00:48:29.24,12981
1,1,H07,M,00:01:38.12,6227
1,2,H07,M,00:03:15.09,6409
1,3,H07,M,00:04:52.07,6355
1,4,H07,M,00:06:29.04,6312
1,5,H07,M,00:08:06.02,6450
1,6,H07,M,00:09:42.98,6420
1,7,H07,M,00:11:19.96,6355
1,8,H07,M,00:12:56.94,6445
1,9,H07,M,00:14:33.93,6376
1,10,H07,M,00:16:10.91,6548
1,11,H07,M,00:17:47.88,6470
1,12,H07,M,00:19:24.86,6463
1,13,H07,M,00:21:01.84,6489
1,14,H07,M,00:22:38.81,6512
1,15,H07,M,00:24:15.78,6278
1,16,H07,M,00:25:52.78,6461
1,17,H07,M,00:27:29.77,6278
1,18,H07,M,00:29:06.74,6234
1,19,H07,M,00:30:43.73,6318
1,20,H07,M,00:32:20.72,6542
1,21,H07,M,00:33:57.70,6278
1,22,H07,M,00:35:34.69,6305
1,23,H07,M,00:37:11.67,6400
1,24,H07,M,00:38:48.65,6414
1,25,H07,M,00:40:25.62,6435
1,26,H07,M,00:42:02.60,6167
1,27,H07,M,00:43:39.58,6295
1,28,H07,M,00:45:16.56,6189
1,29,H07,M,00:46:53.57,6349
1,30,H07,M,00:48:30.57,6350
1,1,H08,M,00:01:39.44,3074
1,2,H08,M,00:03:16.42,3050
1,3,H08,M,00:04:53.39,3043
1,4,H08,M,00:06:30.37,3164
1,5,H08,M,00:08:07.34,3151
1,6,H08,M,00:09:44.31,3143
1,7,H08,M,00:11:21.29,3080
1,8,H08,M,00:12:58.26,3125
1,9,H08,M,00:14:35.25,3160
1,10,H08,M,00:16:12.23,3142
1,11,H08,M,00:17:49.21,3216
1,12,H08,M,00:19:26.18,3104
1,13,H08,M,00:21:03.16,3141
1,14,H08,M,00:22:40.14,3133
1,15,H08,M,00:24:17.11,3149
1,16,H08,M,00:25:54.10,3105
1,17,H08,M,00:27:31.09,3150
1,18,H08,M,00:29:08.07,3189
1,19,H08,M,00:30:45.06,3222
1,20,H08,M,00:32:22.05,3092
1,21,H08,M,00:33:59.03,3110
1,22,H08,M,00:35:36.02,3256
1,23,H08,M,00:37:13.00,3203
1,24,H08,M,00:38:49.97,3154
1,25,H08,M,00:40:26.95,3106
1,26,H08,M,00:42:03.93,3130
1,27,H08,M,00:43:40.90,3057
1,28,H08,M,00:45:17.88,3082
1,29,H08,M,00:46:54.90,3099
1,30,H08,M,00:48:31.89,3062
1,1,H09,M,00:01:40.77,1669
1,2,H09,M,00:03:17.74,1528
1,3,H09,M,00:04:54.72,1568
1,4,H09,M,00:06:31.69,1558
1,5,H09,M,00:08:08.67,1526
1,6,H09,M,00:09:45.63,1622
1,7,H09,M,00:11:22.61,1571
1,8,H09,M,00:12:59.59,1587
1,9,H09,M,00:14:36.58,1620
1,10,H09,M,00:16:13.56,1487
1,11,H09,M,00:17:50.53,1514
1,12,H09,M,00:19:27.51,1604
1,13,H09,M,00:21:04.49,1632
1,14,H09,M,00:22:41.46,1699
1,15,H09,M,00:24:18.43,1649
1,16,H09,M,00:25:55.42,1577
1,17,H09,M,00:27:32.42,1507
1,18,H09,M,00:29:09.39,1628
1,19,H09,M,00:30:46.38,1623
1,20,H09,M,00:32:23.37,1562
1,21,H09,M,00:34:00.35,1570
1,22,H09,M,00:35:37.34,1659
1,23,H09,M,00:37:14.32,1586
1,24,H09,M,00:38:51.30,1589
1,25,H09,M,00:40:28.27,1565
1,26,H09,M,00:42:05.25,1558
1,27,H09,M,00:43:42.23,1646
1,28,H09,M,00:45:19.21,1636
1,29,H09,M,00:46:56.22,1558
1,30,H09,M,00:48:33.22,1590
1,1,H10,M,00:01:42.09,803
1,2,H10,M,00:03:19.07,835
1,3,H10,M,00:04:56.04,826
1,4,H10,M,00:06:33.02,826
1,5,H10,M,00:08:09.99,860
1,6,H10,M,00:09:46.96,855
1,7,H10,M,00:11:23.94,830
1,8,H10,M,00:13:00.91,838
1,9,H10,M,00:14:37.90,829
1,10,H10,M,00:16:14.88,840
1,11,H10,M,00:17:51.86,841
1,12,H10,M,00:19:28.83,864
1,13,H10,M,00:21:05.81,859
1,14,H10,M,00:22:42.79,870
1,15,H10,M,00:24:19.76,854
1,16,H10,M,00:25:56.75,812
1,17,H10,M,00:27:33.74,895
1,18,H10,M,00:29:10.72,817
1,19,H10,M,00:30:47.71,841
1,20,H10,M,00:32:24.70,855
1,21,H10,M,00:34:01.68,830
1,22,H10,M,00:35:38.67,823
1,23,H10,M,00:37:15.65,818
1,24,H10,M,00:38:52.62,754
1,25,H10,M,00:40:29.60,832
1,26,H10,M,00:42:06.58,878
1,27,H10,M,00:43:43.55,854
1,28,H10,M,00:45:20.53,818
1,29,H10,M,00:46:57.55,836
1,30,H10,M,00:48:34.54,892
1,1,H11,M,00:01:43.42,454
1,2,H11,M,00:03:20.39,432
1,3,H11,M,00:04:57.37,479
1,4,H11,M,00:06:34.34,444
1,5,H11,M,00:08:11.32,438
1,6,H11,M,00:09:48.28,462
1,7,H11,M,00:11:25.26,482
1,8,H11,M,00:13:02.24,441
1,9,H11,M,00:14:39.23,458
1,10,H11,M,00:16:16.21,489
1,11,H11,M,00:17:53.18,468
1,12,H11,M,00:19:30.16,465
1,13,H11,M,00:21:07.14,442
1,14,H11,M,00:22:44.11,479
1,15,H11,M,00:24:21.08,479
1,16,H11,M,00:25:58.08,503
1,17,H11,M,00:27:35.07,457
1,18,H11,M,00:29:12.04,448
1,19,H11,M,00:30:49.04,466
1,20,H11,M,00:32:26.02,456
1,21,H11,M,00:34:03.00,442
1,22,H11,M,00:35:39.99,462
1,23,H11,M,00:37:16.97,469
1,24,H11,M,00:38:53.95,447
1,25,H11,M,00:40:30.92,465
1,26,H11,M,00:42:07.90,470
1,27,H11,M,00:43:44.88,459
1,28,H11,M,00:45:21.86,454
1,29,H11,M,00:46:58.87,467
1,30,H11,M,00:48:35.87,488
1,1,H12,M,00:01:44.74,274
1,2,H12,M,00:03:21.72,297
1,3,H12,M,00:04:58.69,275
1,4,H12,M,00:06:35.67,280
1,5,H12,M,00:08:12.64,298
1,6,H12,M,00:09:49.61,321
1,7,H12,M,00:11:26.59,271
1,8,H12,M,00:13:03.56,262
1,9,H12,M,00:14:40.55,284
1,10,H12,M,00:16:17.53,277
1,11,H12,M,00:17:54.51,318
1,12,H12,M,00:19:31.48,286
1,13,H12,M,00:21:08.46,307
1,14,H12,M,00:22:45.44,288
1,15,H12,M,00:24:22.41,295
1,16,H12,M,00:25:59.40,288
1,17,H12,M,00:27:36.39,302
1,18,H12,M,00:29:13.37,284
1,19,H12,M,00:30:50.36,283
1,20,H12,M,00:32:27.35,283
1,21,H12,M,00:34:04.33,279
1,22,H12,M,00:35:41.32,301
1,23,H12,M,00:37:18.30,267
1,24,H12,M,00:38:55.27,310
1,25,H12,M,00:40:32.25,283
1,26,H12,M,00:42:09.23,303
1,27,H12,M,00:43:46.20,282
1,28,H12,M,00:45:23.18,267
1,29,H12,M,00:47:00.20,267
1,30,H12,M,00:48:37.19,273