Plate,Repeat,Well,Type,Time,ANTS (RFU)
1,1,A01,M,00:00:09.05,8313744
1,2,A01,M,00:01:27.54,8265575
1,3,A01,M,00:02:46.03,8204855
1,4,A01,M,00:04:04.54,8108171
1,5,A01,M,00:05:23.04,8168283
1,6,A01,M,00:06:41.57,8071651
1,7,A01,M,00:08:00.06,8207140
1,8,A01,M,00:09:18.54,8245156
1,9,A01,M,00:10:37.03,8303274
1,10,A01,M,00:11:55.51,8264590
1,1,A02,M,00:00:09.62,8318982
1,2,A02,M,00:01:28.11,8284134
1,3,A02,M,00:02:46.60,8263014
1,4,A02,M,00:04:05.11,8045322
1,5,A02,M,00:05:23.60,8225424
1,6,A02,M,00:06:42.14,8233217
1,7,A02,M,00:08:00.62,8255113
1,8,A02,M,00:09:19.11,8210379
1,9,A02,M,00:10:37.59,8240304
1,10,A02,M,00:11:56.08,8317606
1,1,A03,M,00:00:10.19,8461210
1,2,A03,M,00:01:28.68,8249326
1,3,A03,M,00:02:47.17,8013052
1,4,A03,M,00:04:05.68,8288651
1,5,A03,M,00:05:24.17,8059569
1,6,A03,M,00:06:42.71,8094163
1,7,A03,M,00:08:01.19,8235045
1,8,A03,M,00:09:19.68,8224538
1,9,A03,M,00:10:38.16,8219921
1,10,A03,M,00:11:56.65,8124210
1,1,A04,M,00:00:10.76,8452564
1,2,A04,M,00:01:29.25,8252321
1,3,A04,M,00:02:47.74,8096251
1,4,A04,M,00:04:06.25,8311819
1,5,A04,M,00:05:24.74,8083179
1,6,A04,M,00:06:43.27,8136502
1,7,A04,M,00:08:01.76,8293505
1,8,A04,M,00:09:20.25,8159030
1,9,A04,M,00:10:38.73,8104137
1,10,A04,M,00:11:57.22,8160394
1,1,A05,M,00:00:11.33,8263335
1,2,A05,M,00:01:29.82,8144481
1,3,A05,M,00:02:48.31,8120928
1,4,A05,M,00:04:06.82,8086783
1,5,A05,M,00:05:25.31,8253457
1,6,A05,M,00:06:43.85,8240252
1,7,A05,M,00:08:02.33,8118078
1,8,A05,M,00:09:20.82,8081451
1,9,A05,M,00:10:39.30,8152230
1,10,A05,M,00:11:57.79,8271284
1,1,A06,M,00:00:11.90,8328299
1,2,A06,M,00:01:30.39,8327013
1,3,A06,M,00:02:48.88,8240439
1,4,A06,M,00:04:07.39,8205729
1,5,A06,M,00:05:25.88,8151923
1,6,A06,M,00:06:44.41,8105697
1,7,A06,M,00:08:02.90,8192282
1,8,A06,M,00:09:21.39,8186512
1,9,A06,M,00:10:39.87,8084564
1,10,A06,M,00:11:58.36,8111751
1,1,A07,M,00:00:12.47,8406893
1,2,A07,M,00:01:30.96,8185184
1,3,A07,M,00:02:49.45,8203167
1,4,A07,M,00:04:07.96,8156097
1,5,A07,M,00:05:26.45,8287170
1,6,A07,M,00:06:44.98,8226353
1,7,A07,M,00:08:03.47,8200803
1,8,A07,M,00:09:21.96,8193736
1,9,A07,M,00:10:40.44,8115463
1,10,A07,M,00:11:58.93,8391074
1,1,A08,M,00:00:13.04,8363287
1,2,A08,M,00:01:31.53,8072170
1,3,A08,M,00:02:50.02,8303514
1,4,A08,M,00:04:08.53,8172923
1,5,A08,M,00:05:27.02,8251316
1,6,A08,M,00:06:45.56,8024092
1,7,A08,M,00:08:04.04,8210771
1,8,A08,M,00:09:22.53,8134788
1,9,A08,M,00:10:41.01,8241366
1,10,A08,M,00:11:59.50,8165498
1,1,A09,M,00:00:13.61,8322217
1,2,A09,M,00:01:32.10,8157473
1,3,A09,M,00:02:50.59,8116479
1,4,A09,M,00:04:09.10,8177446
1,5,A09,M,00:05:27.59,8115478
1,6,A09,M,00:06:46.12,8242293
1,7,A09,M,00:08:04.61,8200646
1,8,A09,M,00:09:23.10,8135105
1,9,A09,M,00:10:41.58,8149828
1,10,A09,M,00:12:00.07,8085527
1,1,A10,M,00:00:14.18,8378875
1,2,A10,M,00:01:32.67,8293551
1,3,A10,M,00:02:51.16,8361146
1,4,A10,M,00:04:09.67,8285619
1,5,A10,M,00:05:28.19,8219313
1,6,A10,M,00:06:46.69,8235046
1,7,A10,M,00:08:05.18,8341555
1,8,A10,M,00:09:23.67,8199930
1,9,A10,M,00:10:42.15,8204687
1,10,A10,M,00:12:00.64,8201290
1,1,A11,M,00:00:14.75,8420663
1,2,A11,M,00:01:33.24,8238258
1,3,A11,M,00:02:51.73,8335452
1,4,A11,M,00:04:10.24,8296802
1,5,A11,M,00:05:28.76,8130109
1,6,A11,M,00:06:47.26,8333963
1,7,A11,M,00:08:05.75,8396652
1,8,A11,M,00:09:24.24,8170939
1,9,A11,M,00:10:42.72,8144302
1,10,A11,M,00:12:01.21,8251475
1,1,A12,M,00:00:15.32,8424372
1,2,A12,M,00:01:33.81,8340113
1,3,A12,M,00:02:52.30,8408660
1,4,A12,M,00:04:10.81,8157607
1,5,A12,M,00:05:29.33,8220227
1,6,A12,M,00:06:47.84,8164236
1,7,A12,M,00:08:06.32,8058366
1,8,A12,M,00:09:24.81,8247733
1,9,A12,M,00:10:43.29,8155662
1,10,A12,M,00:12:01.78,8315424
1,1,B01,M,00:00:18.33,8439173
1,2,B01,M,00:01:36.82,8182103
1,3,B01,M,00:02:55.31,8065931
1,4,B01,M,00:04:13.82,7975188
1,5,B01,M,00:05:32.34,8147977
1,6,B01,M,00:06:50.85,8165749
1,7,B01,M,00:08:09.33,8147197
1,8,B01,M,00:09:27.82,8110348
1,9,B01,M,00:10:46.31,8126972
1,10,B01,M,00:12:04.79,7953505
1,1,B02,M,00:00:18.90,8263229
1,2,B02,M,00:01:37.39,8053899
1,3,B02,M,00:02:55.88,8211859
1,4,B02,M,00:04:14.39,8207566
1,5,B02,M,00:05:32.91,8087476
1,6,B02,M,00:06:51.41,8172598
1,7,B02,M,00:08:09.90,8198338
1,8,B02,M,00:09:28.39,8086315
1,9,B02,M,00:10:46.87,8002061
1,10,B02,M,00:12:05.36,8264166
1,1,B03,M,00:00:19.47,8345436
1,2,B03,M,00:01:37.96,8308276
1,3,B03,M,00:02:56.45,8111803
1,4,B03,M,00:04:14.96,8220037
1,5,B03,M,00:05:33.48,8070281
1,6,B03,M,00:06:51.98,8293768
1,7,B03,M,00:08:10.47,8191633
1,8,B03,M,00:09:28.96,8128644
1,9,B03,M,00:10:47.44,8305728
1,10,B03,M,00:12:05.93,8096958
1,1,B04,M,00:00:20.04,8294854
1,2,B04,M,00:01:38.53,8352912
1,3,B04,M,00:02:57.02,8218341
1,4,B04,M,00:04:15.53,8259173
1,5,B04,M,00:05:34.05,8249401
1,6,B04,M,00:06:52.55,8217443
1,7,B04,M,00:08:11.04,8274417
1,8,B04,M,00:09:29.52,8095122
1,9,B04,M,00:10:48.01,8336270
1,10,B04,M,00:12:06.50,8220398
1,1,B05,M,00:00:20.61,8395788
1,2,B05,M,00:01:39.10,8161885
1,3,B05,M,00:02:57.59,8168586
1,4,B05,M,00:04:16.10,8245969
1,5,B05,M,00:05:34.62,8238044
1,6,B05,M,00:06:53.12,8266254
1,7,B05,M,00:08:11.61,8237836
1,8,B05,M,00:09:30.10,8226984
1,9,B05,M,00:10:48.58,8219515
1,10,B05,M,00:12:07.07,8208261
1,1,B06,M,00:00:21.18,8414647
1,2,B06,M,00:01:39.67,8202530
1,3,B06,M,00:02:58.16,8266821
1,4,B06,M,00:04:16.67,8342029
1,5,B06,M,00:05:35.19,8309910
1,6,B06,M,00:06:53.69,8251983
1,7,B06,M,00:08:12.18,8137734
1,8,B06,M,00:09:30.66,8304030
1,9,B06,M,00:10:49.15,8183402
1,10,B06,M,00:12:07.64,8359190
1,1,B07,M,00:00:21.75,8326226
1,2,B07,M,00:01:40.24,8370437
1,3,B07,M,00:02:58.72,8244255
1,4,B07,M,00:04:17.24,8176500
1,5,B07,M,00:05:35.76,8171773
1,6,B07,M,00:06:54.26,8162483
1,7,B07,M,00:08:12.75,8303030
1,8,B07,M,00:09:31.24,8372735
1,9,B07,M,00:10:49.72,8193799
1,10,B07,M,00:12:08.21,8189747
1,1,B08,M,00:00:22.32,8425226
1,2,B08,M,00:01:40.81,8262340
1,3,B08,M,00:02:59.30,8215396
1,4,B08,M,00:04:17.81,8300120
1,5,B08,M,00:05:36.33,8225229
1,6,B08,M,00:06:54.83,8259673
1,7,B08,M,00:08:13.32,8271038
1,8,B08,M,00:09:31.81,8258546
1,9,B08,M,00:10:50.29,8237516
1,10,B08,M,00:12:08.78,8306226
1,1,B09,M,00:00:22.89,8264544
1,2,B09,M,00:01:41.38,8307382
1,3,B09,M,00:02:59.87,8356181
1,4,B09,M,00:04:18.38,8240979
1,5,B09,M,00:05:36.90,8267831
1,6,B09,M,00:06:55.40,8293497
1,7,B09,M,00:08:13.89,8327044
1,8,B09,M,00:09:32.37,8256004
1,9,B09,M,00:10:50.86,8222593
1,10,B09,M,00:12:09.35,8301781
1,1,B10,M,00:00:23.46,8390355
1,2,B10,M,00:01:41.95,8213218
1,3,B10,M,00:03:00.44,8369037
1,4,B10,M,00:04:18.95,8264469
1,5,B10,M,00:05:37.47,8210618
1,6,B10,M,00:06:55.97,8179638
1,7,B10,M,00:08:14.46,8166316
1,8,B10,M,00:09:32.95,8288189
1,9,B10,M,00:10:51.43,8212861
1,10,B10,M,00:12:09.92,8398811
1,1,B11,M,00:00:24.03,8325897
1,2,B11,M,00:01:42.52,8243247
1,3,B11,M,00:03:01.00,8105984
1,4,B11,M,00:04:19.52,8243361
1,5,B11,M,00:05:38.04,8369379
1,6,B11,M,00:06:56.54,8274378
1,7,B11,M,00:08:15.03,8237198
1,8,B11,M,00:09:33.52,8313914
1,9,B11,M,00:10:52.00,8312089
1,10,B11,M,00:12:10.49,8150361
1,1,B12,M,00:00:24.60,8279193
1,2,B12,M,00:01:43.09,8163694
1,3,B12,M,00:03:01.58,8218033
1,4,B12,M,00:04:20.09,8288100
1,5,B12,M,00:05:38.61,8238797
1,6,B12,M,00:06:57.11,8205780
1,7,B12,M,00:08:15.60,8268488
1,8,B12,M,00:09:34.09,8137263
1,9,B12,M,00:10:52.57,8238484
1,10,B12,M,00:12:11.06,8150093
1,1,C01,M,00:00:27.61,8274164
1,2,C01,M,00:01:46.10,8208759
1,3,C01,M,00:03:04.59,8143817
1,4,C01,M,00:04:23.10,8066852
1,5,C01,M,00:05:41.62,8069751
1,6,C01,M,00:07:00.12,8206656
1,7,C01,M,00:08:18.61,8059827
1,8,C01,M,00:09:37.10,8040122
1,9,C01,M,00:10:55.58,8153286
1,10,C01,M,00:12:14.07,8072443
1,1,C02,M,00:00:28.18,8353771
1,2,C02,M,00:01:46.67,8353856
1,3,C02,M,00:03:05.16,8211525
1,4,C02,M,00:04:23.67,8146952
1,5,C02,M,00:05:42.19,8207829
1,6,C02,M,00:07:00.69,8153263
1,7,C02,M,00:08:19.18,8191486
1,8,C02,M,00:09:37.66,8217923
1,9,C02,M,00:10:56.15,8180787
1,10,C02,M,00:12:14.64,8042237
1,1,C03,M,00:00:28.75,8392726
1,2,C03,M,00:01:47.24,8423470
1,3,C03,M,00:03:05.72,8270708
1,4,C03,M,00:04:24.24,8349882
1,5,C03,M,00:05:42.76,8263536
1,6,C03,M,00:07:01.26,8266302
1,7,C03,M,00:08:19.75,8391754
1,8,C03,M,00:09:38.23,8225769
1,9,C03,M,00:10:56.72,8373619
1,10,C03,M,00:12:15.21,8294431
1,1,C04,M,00:00:29.32,8303178
1,2,C04,M,00:01:47.81,8386259
1,3,C04,M,00:03:06.29,8277033
1,4,C04,M,00:04:24.81,8138881
1,5,C04,M,00:05:43.33,8347568
1,6,C04,M,00:07:01.83,8256587
1,7,C04,M,00:08:20.32,8207352
1,8,C04,M,00:09:38.80,8174039
1,9,C04,M,00:10:57.29,8205017
1,10,C04,M,00:12:15.78,8122962
1,1,C05,M,00:00:29.89,8255161
1,2,C05,M,00:01:48.38,8191401
1,3,C05,M,00:03:06.86,8130854
1,4,C05,M,00:04:25.38,8288138
1,5,C05,M,00:05:43.90,8067810
1,6,C05,M,00:07:02.40,8139019
1,7,C05,M,00:08:20.89,8083809
1,8,C05,M,00:09:39.37,8375233
1,9,C05,M,00:10:57.86,8217673
1,10,C05,M,00:12:16.35,8174460
1,1,C06,M,00:00:30.46,8373870
1,2,C06,M,00:01:48.95,8238292
1,3,C06,M,00:03:07.43,8282845
1,4,C06,M,00:04:25.95,8171278
1,5,C06,M,00:05:44.47,8128345
1,6,C06,M,00:07:02.97,8316751
1,7,C06,M,00:08:21.46,8293768
1,8,C06,M,00:09:39.94,8290220
1,9,C06,M,00:10:58.43,8125618
1,10,C06,M,00:12:16.92,8138923
1,1,C07,M,00:00:31.03,8353230
1,2,C07,M,00:01:49.52,8270751
1,3,C07,M,00:03:08.00,8199667
1,4,C07,M,00:04:26.52,8077897
1,5,C07,M,00:05:45.04,8216893
1,6,C07,M,00:07:03.54,8434195
1,7,C07,M,00:08:22.03,8496164
1,8,C07,M,00:09:40.51,8382625
1,9,C07,M,00:10:59.00,8175784
1,10,C07,M,00:12:17.49,8239243
1,1,C08,M,00:00:31.60,8353675
1,2,C08,M,00:01:50.09,8241113
1,3,C08,M,00:03:08.57,8323725
1,4,C08,M,00:04:27.09,8219228
1,5,C08,M,00:05:45.61,8107986
1,6,C08,M,00:07:04.11,8127416
1,7,C08,M,00:08:22.60,8091720
1,8,C08,M,00:09:41.08,8402971
1,9,C08,M,00:10:59.57,8232231
1,10,C08,M,00:12:18.06,8222329
1,1,C09,M,00:00:32.17,8258435
1,2,C09,M,00:01:50.66,8358980
1,3,C09,M,00:03:09.14,8358138
1,4,C09,M,00:04:27.66,8126814
1,5,C09,M,00:05:46.17,8230120
1,6,C09,M,00:07:04.68,8205618
1,7,C09,M,00:08:23.17,8247463
1,8,C09,M,00:09:41.65,8164222
1,9,C09,M,00:11:00.14,8167245
1,10,C09,M,00:12:18.63,8227956
1,1,C10,M,00:00:32.74,8288573
1,2,C10,M,00:01:51.23,8281582
1,3,C10,M,00:03:09.71,8453729
1,4,C10,M,00:04:28.23,8328798
1,5,C10,M,00:05:46.75,8219001
1,6,C10,M,00:07:05.25,8187848
1,7,C10,M,00:08:23.74,8080328
1,8,C10,M,00:09:42.23,8268222
1,9,C10,M,00:11:00.71,8263238
1,10,C10,M,00:12:19.20,8197941
1,1,C11,M,00:00:33.31,8195841
1,2,C11,M,00:01:51.80,8195373
1,3,C11,M,00:03:10.28,8267823
1,4,C11,M,00:04:28.80,8421200
1,5,C11,M,00:05:47.32,8138591
1,6,C11,M,00:07:05.82,8317142
1,7,C11,M,00:08:24.31,8173643
1,8,C11,M,00:09:42.79,8272408
1,9,C11,M,00:11:01.28,8218763
1,10,C11,M,00:12:19.77,8237411
1,1,C12,M,00:00:33.88,8285043
1,2,C12,M,00:01:52.37,8263479
1,3,C12,M,00:03:10.86,8178826
1,4,C12,M,00:04:29.37,8292976
1,5,C12,M,00:05:47.89,8056469
1,6,C12,M,00:07:06.39,8167674
1,7,C12,M,00:08:24.88,8366032
1,8,C12,M,00:09:43.36,8211368
1,9,C12,M,00:11:01.85,8191636
1,10,C12,M,00:12:20.34,8183118
1,1,D01,M,00:00:36.89,8403492
1,2,D01,M,00:01:55.38,8233205
1,3,D01,M,00:03:13.87,8211169
1,4,D01,M,00:04:32.38,8219774
1,5,D01,M,00:05:50.90,8224856
1,6,D01,M,00:07:09.40,8258113
1,7,D01,M,00:08:27.89,8241547
1,8,D01,M,00:09:46.38,8120512
1,9,D01,M,00:11:04.86,8050342
1,10,D01,M,00:12:23.35,8152223
1,1,D02,M,00:00:37.46,8190183
1,2,D02,M,00:01:55.95,8113727
1,3,D02,M,00:03:14.43,8032521
1,4,D02,M,00:04:32.95,7990690
1,5,D02,M,00:05:51.46,8117664
1,6,D02,M,00:07:09.97,8240086
1,7,D02,M,00:08:28.46,8208631
1,8,D02,M,00:09:46.94,8215885
1,9,D02,M,00:11:05.43,8109163
1,10,D02,M,00:12:23.91,8166166
1,1,D03,M,00:00:38.03,8401045
1,2,D03,M,00:01:56.52,8249518
1,3,D03,M,00:03:15.00,8201096
1,4,D03,M,00:04:33.52,8152429
1,5,D03,M,00:05:52.03,8261101
1,6,D03,M,00:07:10.54,7996240
1,7,D03,M,00:08:29.03,8184524
1,8,D03,M,00:09:47.51,8173997
1,9,D03,M,00:11:06.00,8200414
1,10,D03,M,00:12:24.48,8110277
1,1,D04,M,00:00:38.60,8285341
1,2,D04,M,00:01:57.09,8291708
1,3,D04,M,00:03:15.57,8186012
1,4,D04,M,00:04:34.09,8095463
1,5,D04,M,00:05:52.60,8186374
1,6,D04,M,00:07:11.11,8294566
1,7,D04,M,00:08:29.60,8271236
1,8,D04,M,00:09:48.08,8494165
1,9,D04,M,00:11:06.57,8254549
1,10,D04,M,00:12:25.06,8300047
1,1,D05,M,00:00:39.17,8441123
1,2,D05,M,00:01:57.66,8154689
1,3,D05,M,00:03:16.14,8217071
1,4,D05,M,00:04:34.66,8319745
1,5,D05,M,00:05:53.17,8185947
1,6,D05,M,00:07:11.68,8286188
1,7,D05,M,00:08:30.17,8157425
1,8,D05,M,00:09:48.65,8225133
1,9,D05,M,00:11:07.14,8094614
1,10,D05,M,00:12:25.63,8199673
1,1,D06,M,00:00:39.74,8188943
1,2,D06,M,00:01:58.23,8136532
1,3,D06,M,00:03:16.71,8355993
1,4,D06,M,00:04:35.23,8253328
1,5,D06,M,00:05:53.74,8287975
1,6,D06,M,00:07:12.25,8326382
1,7,D06,M,00:08:30.74,8260758
1,8,D06,M,00:09:49.22,8297609
1,9,D06,M,00:11:07.71,8211328
1,10,D06,M,00:12:26.19,8462050
1,1,D07,M,00:00:40.31,8265692
1,2,D07,M,00:01:58.80,8396245
1,3,D07,M,00:03:17.28,8380257
1,4,D07,M,00:04:35.80,8327154
1,5,D07,M,00:05:54.31,8414743
1,6,D07,M,00:07:12.82,8239141
1,7,D07,M,00:08:31.31,8293231
1,8,D07,M,00:09:49.79,8432321
1,9,D07,M,00:11:08.28,8252460
1,10,D07,M,00:12:26.76,8308686
1,1,D08,M,00:00:40.88,8349651
1,2,D08,M,00:01:59.37,8390941
1,3,D08,M,00:03:17.85,8181617
1,4,D08,M,00:04:36.37,8248140
1,5,D08,M,00:05:54.88,8152170
1,6,D08,M,00:07:13.39,8239241
1,7,D08,M,00:08:31.88,8305941
1,8,D08,M,00:09:50.36,8273626
1,9,D08,M,00:11:08.85,8254271
1,10,D08,M,00:12:27.34,8330804
1,1,D09,M,00:00:41.45,8275011
1,2,D09,M,00:01:59.94,8386422
1,3,D09,M,00:03:18.42,8327895
1,4,D09,M,00:04:36.94,8368252
1,5,D09,M,00:05:55.45,8381723
1,6,D09,M,00:07:13.96,8175308
1,7,D09,M,00:08:32.45,8268586
1,8,D09,M,00:09:50.93,8398132
1,9,D09,M,00:11:09.42,8360634
1,10,D09,M,00:12:27.90,8307276
1,1,D10,M,00:00:42.02,8240038
1,2,D10,M,00:02:00.51,8274414
1,3,D10,M,00:03:18.99,8291969
1,4,D10,M,00:04:37.51,8180611
1,5,D10,M,00:05:56.02,8143328
1,6,D10,M,00:07:14.53,8381774
1,7,D10,M,00:08:33.02,8315390
1,8,D10,M,00:09:51.50,8296681
1,9,D10,M,00:11:09.99,8227233
1,10,D10,M,00:12:28.47,8274992
1,1,D11,M,00:00:42.59,8291476
1,2,D11,M,00:02:01.08,8161554
1,3,D11,M,00:03:19.56,8218616
1,4,D11,M,00:04:38.08,8303638
1,5,D11,M,00:05:56.59,8279920
1,6,D11,M,00:07:15.10,8429192
1,7,D11,M,00:08:33.59,8087215
1,8,D11,M,00:09:52.07,8351209
1,9,D11,M,00:11:10.56,8276250
1,10,D11,M,00:12:29.05,8209802
1,1,D12,M,00:00:43.16,8198614
1,2,D12,M,00:02:01.65,8253000
1,3,D12,M,00:03:20.13,8306836
1,4,D12,M,00:04:38.65,8177309
1,5,D12,M,00:05:57.16,8386032
1,6,D12,M,00:07:15.67,8305375
1,7,D12,M,00:08:34.16,8277630
1,8,D12,M,00:09:52.64,8220613
1,9,D12,M,00:11:11.13,8200803
1,10,D12,M,00:12:29.61,8253911
1,1,E01,M,00:00:46.17,8274734
1,2,E01,M,00:02:04.66,8186566
1,3,E01,M,00:03:23.14,8230443
1,4,E01,M,00:04:41.66,8211232
1,5,E01,M,00:06:00.18,8159565
1,6,E01,M,00:07:18.68,8183807
1,7,E01,M,00:08:37.17,8179757
1,8,E01,M,00:09:55.65,8252608
1,9,E01,M,00:11:14.14,8037702
1,10,E01,M,00:12:32.63,8066939
1,1,E02,M,00:00:46.74,8226609
1,2,E02,M,00:02:05.22,8163228
1,3,E02,M,00:03:23.71,8204056
1,4,E02,M,00:04:42.23,8276077
1,5,E02,M,00:06:00.74,8030521
1,6,E02,M,00:07:19.25,8075430
1,7,E02,M,00:08:37.74,8147193
1,8,E02,M,00:09:56.22,8184385
1,9,E02,M,00:11:14.71,8092043
1,10,E02,M,00:12:33.19,8188479
1,1,E03,M,00:00:47.31,8318214
1,2,E03,M,00:02:05.79,8356087
1,3,E03,M,00:03:24.28,8204643
1,4,E03,M,00:04:42.80,8178044
1,5,E03,M,00:06:01.31,8136536
1,6,E03,M,00:07:19.82,8303002
1,7,E03,M,00:08:38.30,8177058
1,8,E03,M,00:09:56.79,8212953
1,9,E03,M,00:11:15.28,8169160
1,10,E03,M,00:12:33.76,8232233
1,1,E04,M,00:00:47.88,8342757
1,2,E04,M,00:02:06.36,8321187
1,3,E04,M,00:03:24.85,8127593
1,4,E04,M,00:04:43.37,8305375
1,5,E04,M,00:06:01.88,8080603
1,6,E04,M,00:07:20.39,8253457
1,7,E04,M,00:08:38.87,8168793
1,8,E04,M,00:09:57.36,8201285
1,9,E04,M,00:11:15.85,8252369
1,10,E04,M,00:12:34.33,8164660
1,1,E05,M,00:00:48.45,8351701
1,2,E05,M,00:02:06.93,8229625
1,3,E05,M,00:03:25.42,8249378
1,4,E05,M,00:04:43.94,8237851
1,5,E05,M,00:06:02.45,8289673
1,6,E05,M,00:07:20.96,8282275
1,7,E05,M,00:08:39.44,8212368
1,8,E05,M,00:09:57.93,8318902
1,9,E05,M,00:11:16.42,8196399
1,10,E05,M,00:12:34.90,8455783
1,1,E06,M,00:00:49.02,8409464
1,2,E06,M,00:02:07.50,8329297
1,3,E06,M,00:03:25.99,8328998
1,4,E06,M,00:04:44.51,8293003
1,5,E06,M,00:06:03.02,8163750
1,6,E06,M,00:07:21.53,8344315
1,7,E06,M,00:08:40.01,8281018
1,8,E06,M,00:09:58.50,8168502
1,9,E06,M,00:11:16.99,8163072
1,10,E06,M,00:12:35.47,8290028
1,1,E07,M,00:00:49.59,8472821
1,2,E07,M,00:02:08.07,8457510
1,3,E07,M,00:03:26.56,8521132
1,4,E07,M,00:04:45.08,8321876
1,5,E07,M,00:06:03.59,8133599
1,6,E07,M,00:07:22.10,8190062
1,7,E07,M,00:08:40.58,8365543
1,8,E07,M,00:09:59.07,8213807
1,9,E07,M,00:11:17.56,8325521
1,10,E07,M,00:12:36.04,8290837
1,1,E08,M,00:00:50.16,8435111
1,2,E08,M,00:02:08.65,8379181
1,3,E08,M,00:03:27.13,8362119
1,4,E08,M,00:04:45.65,8141797
1,5,E08,M,00:06:04.16,8303965
1,6,E08,M,00:07:22.67,8393048
1,7,E08,M,00:08:41.16,8324626
1,8,E08,M,00:09:59.64,8348835
1,9,E08,M,00:11:18.13,8387895
1,10,E08,M,00:12:36.61,8081757
1,1,E09,M,00:00:50.73,8473495
1,2,E09,M,00:02:09.21,8546008
1,3,E09,M,00:03:27.70,8472229
1,4,E09,M,00:04:46.22,8433822
1,5,E09,M,00:06:04.73,8630568
1,6,E09,M,00:07:23.24,8596772
1,7,E09,M,00:08:41.72,8475845
1,8,E09,M,00:10:00.21,8417030
1,9,E09,M,00:11:18.70,8348987
1,10,E09,M,00:12:37.18,8394443
1,1,E10,M,00:00:51.30,8327599
1,2,E10,M,00:02:09.78,8370964
1,3,E10,M,00:03:28.27,8208088
1,4,E10,M,00:04:46.79,8466628
1,5,E10,M,00:06:05.30,8286610
1,6,E10,M,00:07:23.81,8387026
1,7,E10,M,00:08:42.29,8359147
1,8,E10,M,00:10:00.78,8278367
1,9,E10,M,00:11:19.27,8403772
1,10,E10,M,00:12:37.75,8229375
1,1,E11,M,00:00:51.87,8378851
1,2,E11,M,00:02:10.36,8316883
1,3,E11,M,00:03:28.84,8346394
1,4,E11,M,00:04:47.36,8078683
1,5,E11,M,00:06:05.87,8256976
1,6,E11,M,00:07:24.38,8280908
1,7,E11,M,00:08:42.86,8293905
1,8,E11,M,00:10:01.35,8297214
1,9,E11,M,00:11:19.84,8201006
1,10,E11,M,00:12:38.32,8267041
1,1,E12,M,00:00:52.44,8340083
1,2,E12,M,00:02:10.92,8291600
1,3,E12,M,00:03:29.41,8417643
1,4,E12,M,00:04:47.93,8339200
1,5,E12,M,00:06:06.44,8444319
1,6,E12,M,00:07:24.95,8301871
1,7,E12,M,00:08:43.44,8357198
1,8,E12,M,00:10:01.92,8299812
1,9,E12,M,00:11:20.41,8453605
1,10,E12,M,00:12:38.89,8389746
1,1,F01,M,00:00:55.45,8191827
1,2,F01,M,00:02:13.94,8326286
1,3,F01,M,00:03:32.42,8200468
1,4,F01,M,00:04:50.94,8236074
1,5,F01,M,00:06:09.46,8039605
1,6,F01,M,00:07:27.96,8090096
1,7,F01,M,00:08:46.45,8105274
1,8,F01,M,00:10:04.93,8243738
1,9,F01,M,00:11:23.42,8099511
1,10,F01,M,00:12:41.90,8138239
1,1,F02,M,00:00:56.02,8175268
1,2,F02,M,00:02:14.50,8392156
1,3,F02,M,00:03:32.99,8248072
1,4,F02,M,00:04:51.51,8175618
1,5,F02,M,00:06:10.02,8107235
1,6,F02,M,00:07:28.53,8130178
1,7,F02,M,00:08:47.01,8258577
1,8,F02,M,00:10:05.50,8176720
1,9,F02,M,00:11:23.99,8305402
1,10,F02,M,00:12:42.47,8043223
1,1,F03,M,00:00:56.59,8447049
1,2,F03,M,00:02:15.07,8242091
1,3,F03,M,00:03:33.56,8205628
1,4,F03,M,00:04:52.07,8347928
1,5,F03,M,00:06:10.59,8167970
1,6,F03,M,00:07:29.10,8117780
1,7,F03,M,00:08:47.58,8196261
1,8,F03,M,00:10:06.07,8240736
1,9,F03,M,00:11:24.56,8126685
1,10,F03,M,00:12:43.04,8280122
1,1,F04,M,00:00:57.16,8248006
1,2,F04,M,00:02:15.64,8231440
1,3,F04,M,00:03:34.13,8117369
1,4,F04,M,00:04:52.65,8301708
1,5,F04,M,00:06:11.16,8164383
1,6,F04,M,00:07:29.67,8246056
1,7,F04,M,00:08:48.15,8164592
1,8,F04,M,00:10:06.64,8289862
1,9,F04,M,00:11:25.13,8082970
1,10,F04,M,00:12:43.61,8205395
1,1,F05,M,00:00:57.73,8343434
1,2,F05,M,00:02:16.21,8345950
1,3,F05,M,00:03:34.70,8149822
1,4,F05,M,00:04:53.21,8232162
1,5,F05,M,00:06:11.73,8181379
1,6,F05,M,00:07:30.24,8256055
1,7,F05,M,00:08:48.72,8293369
1,8,F05,M,00:10:07.21,8313484
1,9,F05,M,00:11:25.70,8252150
1,10,F05,M,00:12:44.18,8340646
1,1,F06,M,00:00:58.30,8351418
1,2,F06,M,00:02:16.78,8365971
1,3,F06,M,00:03:35.27,8262333
1,4,F06,M,00:04:53.78,8347462
1,5,F06,M,00:06:12.30,8237455
1,6,F06,M,00:07:30.81,8359136
1,7,F06,M,00:08:49.29,8281935
1,8,F06,M,00:10:07.78,8214747
1,9,F06,M,00:11:26.26,8383218
1,10,F06,M,00:12:44.75,8290038
1,1,F07,M,00:00:58.87,8405929
1,2,F07,M,00:02:17.35,8295093
1,3,F07,M,00:03:35.84,8271646
1,4,F07,M,00:04:54.36,8327140
1,5,F07,M,00:06:12.87,8367197
1,6,F07,M,00:07:31.38,8356596
1,7,F07,M,00:08:49.86,8207724
1,8,F07,M,00:10:08.35,8289145
1,9,F07,M,00:11:26.84,8300176
1,10,F07,M,00:12:45.32,8239469
1,1,F08,M,00:00:59.44,8348496
1,2,F08,M,00:02:17.92,8244357
1,3,F08,M,00:03:36.41,8261071
1,4,F08,M,00:04:54.92,8262725
1,5,F08,M,00:06:13.44,8233846
1,6,F08,M,00:07:31.95,8321193
1,7,F08,M,00:08:50.43,8351024
1,8,F08,M,00:10:08.92,8491240
1,9,F08,M,00:11:27.40,8270331
1,10,F08,M,00:12:45.89,8278450
1,1,F09,M,00:01:00.01,8391900
1,2,F09,M,00:02:18.49,8308910
1,3,F09,M,00:03:36.98,8289262
1,4,F09,M,00:04:55.49,8300735
1,5,F09,M,00:06:14.01,8358753
1,6,F09,M,00:07:32.52,8428439
1,7,F09,M,00:08:51.00,8473080
1,8,F09,M,00:10:09.49,8396538
1,9,F09,M,00:11:27.97,8366320
1,10,F09,M,00:12:46.46,8196799
1,1,F10,M,00:01:00.58,8352337
1,2,F10,M,00:02:19.06,8245124
1,3,F10,M,00:03:37.55,8311990
1,4,F10,M,00:04:56.06,8302285
1,5,F10,M,00:06:14.58,8389038
1,6,F10,M,00:07:33.09,8399042
1,7,F10,M,00:08:51.57,8375412
1,8,F10,M,00:10:10.06,8366467
1,9,F10,M,00:11:28.55,8301985
1,10,F10,M,00:12:47.03,8334320
1,1,F11,M,00:01:01.15,8330593
1,2,F11,M,00:02:19.63,8372994
1,3,F11,M,00:03:38.12,8457418
1,4,F11,M,00:04:56.64,8484253
1,5,F11,M,00:06:15.15,8305215
1,6,F11,M,00:07:33.66,8419298
1,7,F11,M,00:08:52.14,8340478
1,8,F11,M,00:10:10.63,8467634
1,9,F11,M,00:11:29.12,8200866
1,10,F11,M,00:12:47.60,8320056
1,1,F12,M,00:01:01.72,8228466
1,2,F12,M,00:02:20.20,8104551
1,3,F12,M,00:03:38.69,8342822
1,4,F12,M,00:04:57.20,8360930
1,5,F12,M,00:06:15.72,8289198
1,6,F12,M,00:07:34.23,8279421
1,7,F12,M,00:08:52.71,8311204
1,8,F12,M,00:10:11.20,8368791
1,9,F12,M,00:11:29.69,8260719
1,10,F12,M,00:12:48.17,8169865
1,1,G01,M,00:01:04.73,8324455
1,2,G01,M,00:02:23.21,8078788
1,3,G01,M,00:03:41.70,8211124
1,4,G01,M,00:05:00.22,8225034
1,5,G01,M,00:06:18.73,8109636
1,6,G01,M,00:07:37.24,8160902
1,7,G01,M,00:08:55.73,8176145
1,8,G01,M,00:10:14.21,8094163
1,9,G01,M,00:11:32.70,8123564
1,10,G01,M,00:12:51.18,8137416
1,1,G02,M,00:01:05.30,8356544
1,2,G02,M,00:02:23.78,8275941
1,3,G02,M,00:03:42.27,8249558
1,4,G02,M,00:05:00.78,8185585
1,5,G02,M,00:06:19.30,8166346
1,6,G02,M,00:07:37.81,8156677
1,7,G02,M,00:08:56.29,8139619
1,8,G02,M,00:10:14.78,8258445
1,9,G02,M,00:11:33.26,8130161
1,10,G02,M,00:12:51.75,8062698
1,1,G03,M,00:01:05.87,8238477
1,2,G03,M,00:02:24.35,8268385
1,3,G03,M,00:03:42.84,8173863
1,4,G03,M,00:05:01.35,8199648
1,5,G03,M,00:06:19.87,8158456
1,6,G03,M,00:07:38.38,8219730
1,7,G03,M,00:08:56.86,8167642
1,8,G03,M,00:10:15.35,8252714
1,9,G03,M,00:11:33.83,8130651
1,10,G03,M,00:12:52.32,8128005
1,1,G04,M,00:01:06.44,8420143
1,2,G04,M,00:02:24.92,8516227
1,3,G04,M,00:03:43.41,8288413
1,4,G04,M,00:05:01.92,8242114
1,5,G04,M,00:06:20.44,8278836
1,6,G04,M,00:07:38.94,8241960
1,7,G04,M,00:08:57.43,8319965
1,8,G04,M,00:10:15.92,8352212
1,9,G04,M,00:11:34.40,8162379
1,10,G04,M,00:12:52.89,8354076
1,1,G05,M,00:01:07.00,8412226
1,2,G05,M,00:02:25.49,8490667
1,3,G05,M,00:03:43.98,8269473
1,4,G05,M,00:05:02.49,8351753
1,5,G05,M,00:06:21.01,8338436
1,6,G05,M,00:07:39.52,8294960
1,7,G05,M,00:08:58.00,8343514
1,8,G05,M,00:10:16.49,8312814
1,9,G05,M,00:11:34.97,8196721
1,10,G05,M,00:12:53.46,8205537
1,1,G06,M,00:01:07.57,8376481
1,2,G06,M,00:02:26.06,8293796
1,3,G06,M,00:03:44.55,8392640
1,4,G06,M,00:05:03.06,8202366
1,5,G06,M,00:06:21.58,8255499
1,6,G06,M,00:07:40.09,8301935
1,7,G06,M,00:08:58.57,8203990
1,8,G06,M,00:10:17.06,8290084
1,9,G06,M,00:11:35.54,8223517
1,10,G06,M,00:12:54.03,8216161
1,1,G07,M,00:01:08.15,8475301
1,2,G07,M,00:02:26.63,8334877
1,3,G07,M,00:03:45.12,8318126
1,4,G07,M,00:05:03.63,8434236
1,5,G07,M,00:06:22.15,8337087
1,6,G07,M,00:07:40.66,8201390
1,7,G07,M,00:08:59.14,8407954
1,8,G07,M,00:10:17.63,8229354
1,9,G07,M,00:11:36.11,8344671
1,10,G07,M,00:12:54.60,8425974
1,1,G08,M,00:01:08.71,8404494
1,2,G08,M,00:02:27.20,8429628
1,3,G08,M,00:03:45.69,8300183
1,4,G08,M,00:05:04.20,8245002
1,5,G08,M,00:06:22.72,8427875
1,6,G08,M,00:07:41.22,8441417
1,7,G08,M,00:08:59.71,8237065
1,8,G08,M,00:10:18.20,8380705
1,9,G08,M,00:11:36.68,8198772
1,10,G08,M,00:12:55.17,8386081
1,1,G09,M,00:01:09.28,8468133
1,2,G09,M,00:02:27.77,8456893
1,3,G09,M,00:03:46.26,8442722
1,4,G09,M,00:05:04.77,8409607
1,5,G09,M,00:06:23.29,8265460
1,6,G09,M,00:07:41.79,8191630
1,7,G09,M,00:09:00.28,8498140
1,8,G09,M,00:10:18.77,8451529
1,9,G09,M,00:11:37.25,8293770
1,10,G09,M,00:12:55.74,8274341
1,1,G10,M,00:01:09.86,8401104
1,2,G10,M,00:02:28.34,8450019
1,3,G10,M,00:03:46.83,8229839
1,4,G10,M,00:05:05.34,8345361
1,5,G10,M,00:06:23.86,8304270
1,6,G10,M,00:07:42.36,8274786
1,7,G10,M,00:09:00.85,8187574
1,8,G10,M,00:10:19.34,8268439
1,9,G10,M,00:11:37.82,8321758
1,10,G10,M,00:12:56.31,8215941
1,1,G11,M,00:01:10.42,8348186
1,2,G11,M,00:02:28.91,8538694
1,3,G11,M,00:03:47.40,8390276
1,4,G11,M,00:05:05.91,8423922
1,5,G11,M,00:06:24.43,8491858
1,6,G11,M,00:07:42.94,8437441
1,7,G11,M,00:09:01.42,8259829
1,8,G11,M,00:10:19.91,8349450
1,9,G11,M,00:11:38.39,8330332
1,10,G11,M,00:12:56.88,8366462
1,1,G12,M,00:01:11.00,8397077
1,2,G12,M,00:02:29.48,8328915
1,3,G12,M,00:03:47.97,8352130
1,4,G12,M,00:05:06.48,8198946
1,5,G12,M,00:06:25.00,8143137
1,6,G12,M,00:07:43.50,8106167
1,7,G12,M,00:09:01.99,8348638
1,8,G12,M,00:10:20.48,8412108
1,9,G12,M,00:11:38.96,8358412
1,10,G12,M,00:12:57.45,8045110
1,1,H01,M,00:01:14.01,8234319
1,2,H01,M,00:02:32.49,8178105
1,3,H01,M,00:03:50.98,8179746
1,4,H01,M,00:05:09.50,8278658
1,5,H01,M,00:06:28.01,8142760
1,6,H01,M,00:07:46.52,8140865
1,7,H01,M,00:09:05.00,8339860
1,8,H01,M,00:10:23.49,8259507
1,9,H01,M,00:11:41.98,8205321
1,10,H01,M,00:13:00.46,8129565
1,1,H02,M,00:01:14.57,8343859
1,2,H02,M,00:02:33.06,8276111
1,3,H02,M,00:03:51.55,8331971
1,4,H02,M,00:05:10.06,8240701
1,5,H02,M,00:06:28.58,8218126
1,6,H02,M,00:07:47.08,8269040
1,7,H02,M,00:09:05.57,8235233
1,8,H02,M,00:10:24.06,8179911
1,9,H02,M,00:11:42.54,8227608
1,10,H02,M,00:13:01.03,8242478
1,1,H03,M,00:01:15.14,8348047
1,2,H03,M,00:02:33.63,8311721
1,3,H03,M,00:03:52.11,8337632
1,4,H03,M,00:05:10.63,8205881
1,5,H03,M,00:06:29.17,8190882
1,6,H03,M,00:07:47.65,8266884
1,7,H03,M,00:09:06.14,8234810
1,8,H03,M,00:10:24.63,8189857
1,9,H03,M,00:11:43.11,8311144
1,10,H03,M,00:13:01.60,8177361
1,1,H04,M,00:01:15.71,8233125
1,2,H04,M,00:02:34.20,8194662
1,3,H04,M,00:03:52.69,8239647
1,4,H04,M,00:05:11.20,8335819
1,5,H04,M,00:06:29.74,8095665
1,6,H04,M,00:07:48.22,8205567
1,7,H04,M,00:09:06.71,8237067
1,8,H04,M,00:10:25.20,8237658
1,9,H04,M,00:11:43.68,8144519
1,10,H04,M,00:13:02.17,8134761
1,1,H05,M,00:01:16.28,8481082
1,2,H05,M,00:02:34.77,8405421
1,3,H05,M,00:03:53.26,8252876
1,4,H05,M,00:05:11.77,8280421
1,5,H05,M,00:06:30.31,8245880
1,6,H05,M,00:07:48.79,8190239
1,7,H05,M,00:09:07.28,8319704
1,8,H05,M,00:10:25.77,8251195
1,9,H05,M,00:11:44.25,8227356
1,10,H05,M,00:13:02.74,8142250
1,1,H06,M,00:01:16.85,8307698
1,2,H06,M,00:02:35.34,8292874
1,3,H06,M,00:03:53.83,8301738
1,4,H06,M,00:05:12.34,8118695
1,5,H06,M,00:06:30.88,8205395
1,6,H06,M,00:07:49.36,8220742
1,7,H06,M,00:09:07.85,8245186
1,8,H06,M,00:10:26.34,8237277
1,9,H06,M,00:11:44.82,8210147
1,10,H06,M,00:13:03.31,8276483
1,1,H07,M,00:01:17.42,8406319
1,2,H07,M,00:02:35.91,8366883
1,3,H07,M,00:03:54.40,8363654
1,4,H07,M,00:05:12.91,8329491
1,5,H07,M,00:06:31.45,8372530
1,6,H07,M,00:07:49.93,8392645
1,7,H07,M,00:09:08.42,8199437
1,8,H07,M,00:10:26.91,8253761
1,9,H07,M,00:11:45.39,8202965
1,10,H07,M,00:13:03.88,8268331
1,1,H08,M,00:01:17.99,8336982
1,2,H08,M,00:02:36.48,8254180
1,3,H08,M,00:03:54.97,8259589
1,4,H08,M,00:05:13.48,8231008
1,5,H08,M,00:06:32.02,8287910
1,6,H08,M,00:07:50.50,8283488
1,7,H08,M,00:09:08.99,8320339
1,8,H08,M,00:10:27.48,8171527
1,9,H08,M,00:11:45.96,8193753
1,10,H08,M,00:13:04.45,8179039
1,1,H09,M,00:01:18.56,8239218
1,2,H09,M,00:02:37.05,8372183
1,3,H09,M,00:03:55.54,8242126
1,4,H09,M,00:05:14.05,8216873
1,5,H09,M,00:06:32.59,8136252
1,6,H09,M,00:07:51.07,8050212
1,7,H09,M,00:09:09.56,8158289
1,8,H09,M,00:10:28.05,8222658
1,9,H09,M,00:11:46.53,8258744
1,10,H09,M,00:13:05.02,8284536
1,1,H10,M,00:01:19.13,8295475
1,2,H10,M,00:02:37.62,8372445
1,3,H10,M,00:03:56.10,8232949
1,4,H10,M,00:05:14.62,8111343
1,5,H10,M,00:06:33.16,8210978
1,6,H10,M,00:07:51.64,8306878
1,7,H10,M,00:09:10.13,8226159
1,8,H10,M,00:10:28.62,8124370
1,9,H10,M,00:11:47.10,8242957
1,10,H10,M,00:13:05.59,8357269
1,1,H11,M,00:01:19.70,8350338
1,2,H11,M,00:02:38.19,8254180
1,3,H11,M,00:03:56.70,8311699
1,4,H11,M,00:05:15.19,8266093
1,5,H11,M,00:06:33.73,8255260
1,6,H11,M,00:07:52.21,8267881
1,7,H11,M,00:09:10.70,8160810
1,8,H11,M,00:10:29.19,8400824
1,9,H11,M,00:11:47.67,8141642
1,10,H11,M,00:13:06.16,8260977
1,1,H12,M,00:01:20.27,8360939
1,2,H12,M,00:02:38.76,8372830
1,3,H12,M,00:03:57.27,8226090
1,4,H12,M,00:05:15.76,8344389
1,5,H12,M,00:06:34.30,8345534
1,6,H12,M,00:07:52.78,8385965
1,7,H12,M,00:09:11.27,8369515
1,8,H12,M,00:10:29.76,8366534
1,9,H12,M,00:11:48.24,8388944
1,10,H12,M,00:13:06.73,8459738