Plate,Repeat,Well,Type,Time,ANTS bottom (Counts)
1,1,A01,M,00:00:13.20,261839
1,2,A01,M,00:01:26.35,260223
1,3,A01,M,00:02:39.51,260186
1,4,A01,M,00:03:52.67,260791
1,5,A01,M,00:05:05.84,261143
1,6,A01,M,00:06:19.00,260497
1,7,A01,M,00:07:32.18,260947
1,8,A01,M,00:08:45.33,260413
1,9,A01,M,00:09:58.49,260909
1,10,A01,M,00:11:11.68,260966
1,1,A02,M,00:00:13.71,261539
1,2,A02,M,00:01:26.87,260131
1,3,A02,M,00:02:40.02,258938
1,4,A02,M,00:03:53.18,259581
1,5,A02,M,00:05:06.36,259222
1,6,A02,M,00:06:19.52,259334
1,7,A02,M,00:07:32.69,259236
1,8,A02,M,00:08:45.85,258915
1,9,A02,M,00:09:59.01,259398
1,10,A02,M,00:11:12.19,259541
1,1,A03,M,00:00:14.22,255281
1,2,A03,M,00:01:27.38,252520
1,3,A03,M,00:02:40.54,253324
1,4,A03,M,00:03:53.69,253575
1,5,A03,M,00:05:06.87,253579
1,6,A03,M,00:06:20.03,254204
1,7,A03,M,00:07:33.20,253981
1,8,A03,M,00:08:46.36,254271
1,9,A03,M,00:09:59.52,252867
1,10,A03,M,00:11:12.71,252897
1,1,A04,M,00:00:14.74,258570
1,2,A04,M,00:01:27.90,256881
1,3,A04,M,00:02:41.05,257374
1,4,A04,M,00:03:54.21,257525
1,5,A04,M,00:05:07.39,256282
1,6,A04,M,00:06:20.55,257271
1,7,A04,M,00:07:33.72,257336
1,8,A04,M,00:08:46.88,256123
1,9,A04,M,00:10:00.04,257124
1,10,A04,M,00:11:13.22,258844
1,1,A05,M,00:00:15.25,259676
1,2,A05,M,00:01:28.41,256865
1,3,A05,M,00:02:41.57,258309
1,4,A05,M,00:03:54.72,257105
1,5,A05,M,00:05:07.90,257695
1,6,A05,M,00:06:21.06,257384
1,7,A05,M,00:07:34.23,257453
1,8,A05,M,00:08:47.39,257991
1,9,A05,M,00:10:00.55,257472
1,10,A05,M,00:11:13.74,257797
1,1,A06,M,00:00:15.77,258971
1,2,A06,M,00:01:28.93,258252
1,3,A06,M,00:02:42.08,257528
1,4,A06,M,00:03:55.24,257485
1,5,A06,M,00:05:08.42,257475
1,6,A06,M,00:06:21.57,257163
1,7,A06,M,00:07:34.75,258132
1,8,A06,M,00:08:47.91,257351
1,9,A06,M,00:10:01.07,258438
1,10,A06,M,00:11:14.25,257624
1,1,A07,M,00:00:16.28,260258
1,2,A07,M,00:01:29.44,258831
1,3,A07,M,00:02:42.59,258035
1,4,A07,M,00:03:55.75,257618
1,5,A07,M,00:05:08.93,259299
1,6,A07,M,00:06:22.09,258895
1,7,A07,M,00:07:35.26,257761
1,8,A07,M,00:08:48.42,259336
1,9,A07,M,00:10:01.58,258670
1,10,A07,M,00:11:14.77,259205
1,1,A08,M,00:00:16.80,259851
1,2,A08,M,00:01:29.96,258446
1,3,A08,M,00:02:43.11,258443
1,4,A08,M,00:03:56.27,258223
1,5,A08,M,00:05:09.45,258299
1,6,A08,M,00:06:22.61,258354
1,7,A08,M,00:07:35.78,258364
1,8,A08,M,00:08:48.94,258544
1,9,A08,M,00:10:02.10,258976
1,10,A08,M,00:11:15.28,258165
1,1,A09,M,00:00:17.31,259553
1,2,A09,M,00:01:30.47,259089
1,3,A09,M,00:02:43.63,258340
1,4,A09,M,00:03:56.78,257975
1,5,A09,M,00:05:09.96,258438
1,6,A09,M,00:06:23.12,258873
1,7,A09,M,00:07:36.29,258574
1,8,A09,M,00:08:49.45,258089
1,9,A09,M,00:10:02.61,258919
1,10,A09,M,00:11:15.80,258193
1,1,A10,M,00:00:17.83,260482
1,2,A10,M,00:01:30.99,258939
1,3,A10,M,00:02:44.14,258297
1,4,A10,M,00:03:57.30,258813
1,5,A10,M,00:05:10.48,258307
1,6,A10,M,00:06:23.64,257049
1,7,A10,M,00:07:36.81,258041
1,8,A10,M,00:08:49.97,258244
1,9,A10,M,00:10:03.13,259241
1,10,A10,M,00:11:16.31,258408
1,1,A11,M,00:00:18.34,257494
1,2,A11,M,00:01:31.50,257134
1,3,A11,M,00:02:44.66,257967
1,4,A11,M,00:03:57.81,256214
1,5,A11,M,00:05:10.99,257132
1,6,A11,M,00:06:24.15,256678
1,7,A11,M,00:07:37.32,256287
1,8,A11,M,00:08:50.48,257047
1,9,A11,M,00:10:03.64,256047
1,10,A11,M,00:11:16.83,257747
1,1,A12,M,00:00:18.86,261808
1,2,A12,M,00:01:32.02,261003
1,3,A12,M,00:02:45.17,259708
1,4,A12,M,00:03:58.33,260122
1,5,A12,M,00:05:11.51,260694
1,6,A12,M,00:06:24.67,260456
1,7,A12,M,00:07:37.84,259249
1,8,A12,M,00:08:51.00,259635
1,9,A12,M,00:10:04.16,260737
1,10,A12,M,00:11:17.34,260907
1,1,B01,M,00:00:21.81,261613
1,2,B01,M,00:01:34.97,260482
1,3,B01,M,00:02:48.12,259321
1,4,B01,M,00:04:01.28,260668
1,5,B01,M,00:05:14.46,260748
1,6,B01,M,00:06:27.62,260489
1,7,B01,M,00:07:40.79,260448
1,8,B01,M,00:08:53.95,260346
1,9,B01,M,00:10:07.11,260324
1,10,B01,M,00:11:20.30,260633
1,1,B02,M,00:00:22.33,258788
1,2,B02,M,00:01:35.49,257534
1,3,B02,M,00:02:48.64,257324
1,4,B02,M,00:04:01.80,256796
1,5,B02,M,00:05:14.98,256921
1,6,B02,M,00:06:28.13,258096
1,7,B02,M,00:07:41.31,257711
1,8,B02,M,00:08:54.47,257496
1,9,B02,M,00:10:07.63,258178
1,10,B02,M,00:11:20.81,256862
1,1,B03,M,00:00:22.84,245983
1,2,B03,M,00:01:36.00,245487
1,3,B03,M,00:02:49.15,245507
1,4,B03,M,00:04:02.31,244008
1,5,B03,M,00:05:15.49,244027
1,6,B03,M,00:06:28.65,244800
1,7,B03,M,00:07:41.82,246053
1,8,B03,M,00:08:54.98,245619
1,9,B03,M,00:10:08.14,245359
1,10,B03,M,00:11:21.33,244923
1,1,B04,M,00:00:23.36,256174
1,2,B04,M,00:01:36.52,255109
1,3,B04,M,00:02:49.67,254586
1,4,B04,M,00:04:02.83,255293
1,5,B04,M,00:05:16.01,255188
1,6,B04,M,00:06:29.16,255705
1,7,B04,M,00:07:42.34,254891
1,8,B04,M,00:08:55.50,254999
1,9,B04,M,00:10:08.66,255569
1,10,B04,M,00:11:21.84,255124
1,1,B05,M,00:00:23.87,255776
1,2,B05,M,00:01:37.03,255150
1,3,B05,M,00:02:50.18,254887
1,4,B05,M,00:04:03.34,254692
1,5,B05,M,00:05:16.52,255226
1,6,B05,M,00:06:29.68,255249
1,7,B05,M,00:07:42.85,255119
1,8,B05,M,00:08:56.01,254483
1,9,B05,M,00:10:09.17,255019
1,10,B05,M,00:11:22.36,255055
1,1,B06,M,00:00:24.39,254288
1,2,B06,M,00:01:37.55,253279
1,3,B06,M,00:02:50.70,253753
1,4,B06,M,00:04:03.86,253751
1,5,B06,M,00:05:17.04,252792
1,6,B06,M,00:06:30.20,253840
1,7,B06,M,00:07:43.37,253504
1,8,B06,M,00:08:56.53,253842
1,9,B06,M,00:10:09.69,255329
1,10,B06,M,00:11:22.87,253529
1,1,B07,M,00:00:24.90,254798
1,2,B07,M,00:01:38.06,254221
1,3,B07,M,00:02:51.21,253859
1,4,B07,M,00:04:04.37,253276
1,5,B07,M,00:05:17.55,253905
1,6,B07,M,00:06:30.71,254128
1,7,B07,M,00:07:43.88,254765
1,8,B07,M,00:08:57.04,253693
1,9,B07,M,00:10:10.20,255573
1,10,B07,M,00:11:23.39,254411
1,1,B08,M,00:00:25.42,255790
1,2,B08,M,00:01:38.58,254812
1,3,B08,M,00:02:51.73,254042
1,4,B08,M,00:04:04.89,254023
1,5,B08,M,00:05:18.07,254672
1,6,B08,M,00:06:31.22,254428
1,7,B08,M,00:07:44.40,255044
1,8,B08,M,00:08:57.56,254511
1,9,B08,M,00:10:10.72,255132
1,10,B08,M,00:11:23.90,254769
1,1,B09,M,00:00:25.93,254874
1,2,B09,M,00:01:39.09,254754
1,3,B09,M,00:02:52.24,253360
1,4,B09,M,00:04:05.40,253676
1,5,B09,M,00:05:18.58,253374
1,6,B09,M,00:06:31.74,253753
1,7,B09,M,00:07:44.91,254108
1,8,B09,M,00:08:58.07,254159
1,9,B09,M,00:10:11.23,254754
1,10,B09,M,00:11:24.42,253737
1,1,B10,M,00:00:26.45,258158
1,2,B10,M,00:01:39.61,255953
1,3,B10,M,00:02:52.76,255247
1,4,B10,M,00:04:05.92,255934
1,5,B10,M,00:05:19.10,256151
1,6,B10,M,00:06:32.25,256366
1,7,B10,M,00:07:45.43,255874
1,8,B10,M,00:08:58.59,255925
1,9,B10,M,00:10:11.75,257728
1,10,B10,M,00:11:24.93,256514
1,1,B11,M,00:00:26.96,255697
1,2,B11,M,00:01:40.12,254617
1,3,B11,M,00:02:53.28,254543
1,4,B11,M,00:04:06.43,255075
1,5,B11,M,00:05:19.61,254745
1,6,B11,M,00:06:32.77,255118
1,7,B11,M,00:07:45.94,255641
1,8,B11,M,00:08:59.10,255025
1,9,B11,M,00:10:12.27,254508
1,10,B11,M,00:11:25.45,254624
1,1,B12,M,00:00:27.48,259094
1,2,B12,M,00:01:40.64,259078
1,3,B12,M,00:02:53.79,258520
1,4,B12,M,00:04:06.95,258760
1,5,B12,M,00:05:20.13,259162
1,6,B12,M,00:06:33.28,258477
1,7,B12,M,00:07:46.46,259652
1,8,B12,M,00:08:59.62,257983
1,9,B12,M,00:10:12.78,256921
1,10,B12,M,00:11:25.96,259029
1,1,C01,M,00:00:30.43,260255
1,2,C01,M,00:01:43.59,259543
1,3,C01,M,00:02:56.74,258429
1,4,C01,M,00:04:09.90,259976
1,5,C01,M,00:05:23.08,259638
1,6,C01,M,00:06:36.24,259410
1,7,C01,M,00:07:49.41,259445
1,8,C01,M,00:09:02.57,259894
1,9,C01,M,00:10:15.73,259092
1,10,C01,M,00:11:28.92,259238
1,1,C02,M,00:00:30.95,256869
1,2,C02,M,00:01:44.11,256788
1,3,C02,M,00:02:57.26,256669
1,4,C02,M,00:04:10.42,256393
1,5,C02,M,00:05:23.60,256132
1,6,C02,M,00:06:36.77,256731
1,7,C02,M,00:07:49.93,256660
1,8,C02,M,00:09:03.09,256232
1,9,C02,M,00:10:16.25,256524
1,10,C02,M,00:11:29.43,256312
1,1,C03,M,00:00:31.46,244213
1,2,C03,M,00:01:44.62,242919
1,3,C03,M,00:02:57.77,242832
1,4,C03,M,00:04:10.93,242001
1,5,C03,M,00:05:24.11,242961
1,6,C03,M,00:06:37.29,243403
1,7,C03,M,00:07:50.44,243458
1,8,C03,M,00:09:03.60,243304
1,9,C03,M,00:10:16.76,244452
1,10,C03,M,00:11:29.95,243766
1,1,C04,M,00:00:31.98,255765
1,2,C04,M,00:01:45.13,255835
1,3,C04,M,00:02:58.29,255542
1,4,C04,M,00:04:11.45,255935
1,5,C04,M,00:05:24.63,254277
1,6,C04,M,00:06:37.80,255366
1,7,C04,M,00:07:50.96,255984
1,8,C04,M,00:09:04.12,255352
1,9,C04,M,00:10:17.28,254863
1,10,C04,M,00:11:30.46,256579
1,1,C05,M,00:00:32.49,252805
1,2,C05,M,00:01:45.65,251236
1,3,C05,M,00:02:58.80,252291
1,4,C05,M,00:04:11.96,251951
1,5,C05,M,00:05:25.14,252133
1,6,C05,M,00:06:38.32,251057
1,7,C05,M,00:07:51.47,251813
1,8,C05,M,00:09:04.63,251290
1,9,C05,M,00:10:17.79,251573
1,10,C05,M,00:11:30.98,252561
1,1,C06,M,00:00:33.01,253140
1,2,C06,M,00:01:46.17,252771
1,3,C06,M,00:02:59.32,252571
1,4,C06,M,00:04:12.48,253006
1,5,C06,M,00:05:25.66,252740
1,6,C06,M,00:06:38.83,254237
1,7,C06,M,00:07:51.99,252926
1,8,C06,M,00:09:05.15,252311
1,9,C06,M,00:10:18.31,252227
1,10,C06,M,00:11:31.49,252548
1,1,C07,M,00:00:33.52,252205
1,2,C07,M,00:01:46.68,252839
1,3,C07,M,00:02:59.83,251769
1,4,C07,M,00:04:12.99,252783
1,5,C07,M,00:05:26.17,252675
1,6,C07,M,00:06:39.35,251905
1,7,C07,M,00:07:52.50,252640
1,8,C07,M,00:09:05.66,252217
1,9,C07,M,00:10:18.82,252818
1,10,C07,M,00:11:32.01,253243
1,1,C08,M,00:00:34.04,254580
1,2,C08,M,00:01:47.19,254300
1,3,C08,M,00:03:00.35,253554
1,4,C08,M,00:04:13.51,252751
1,5,C08,M,00:05:26.69,254913
1,6,C08,M,00:06:39.86,254117
1,7,C08,M,00:07:53.02,252940
1,8,C08,M,00:09:06.18,254394
1,9,C08,M,00:10:19.34,253348
1,10,C08,M,00:11:32.52,255516
1,1,C09,M,00:00:34.55,254689
1,2,C09,M,00:01:47.71,254246
1,3,C09,M,00:03:00.86,253647
1,4,C09,M,00:04:14.02,255325
1,5,C09,M,00:05:27.20,254561
1,6,C09,M,00:06:40.38,253997
1,7,C09,M,00:07:53.53,253806
1,8,C09,M,00:09:06.69,254447
1,9,C09,M,00:10:19.85,254770
1,10,C09,M,00:11:33.04,254128
1,1,C10,M,00:00:35.07,254348
1,2,C10,M,00:01:48.22,253840
1,3,C10,M,00:03:01.38,253600
1,4,C10,M,00:04:14.54,254142
1,5,C10,M,00:05:27.72,253235
1,6,C10,M,00:06:40.89,253780
1,7,C10,M,00:07:54.05,253388
1,8,C10,M,00:09:07.21,253361
1,9,C10,M,00:10:20.37,255111
1,10,C10,M,00:11:33.55,253405
1,1,C11,M,00:00:35.58,253708
1,2,C11,M,00:01:48.74,253662
1,3,C11,M,00:03:01.89,252850
1,4,C11,M,00:04:15.05,253361
1,5,C11,M,00:05:28.23,253971
1,6,C11,M,00:06:41.41,253790
1,7,C11,M,00:07:54.56,253811
1,8,C11,M,00:09:07.72,253507
1,9,C11,M,00:10:20.88,254630
1,10,C11,M,00:11:34.07,254303
1,1,C12,M,00:00:36.10,259276
1,2,C12,M,00:01:49.25,258009
1,3,C12,M,00:03:02.41,257933
1,4,C12,M,00:04:15.57,258200
1,5,C12,M,00:05:28.75,258717
1,6,C12,M,00:06:41.92,257994
1,7,C12,M,00:07:55.08,258192
1,8,C12,M,00:09:08.24,259373
1,9,C12,M,00:10:21.40,259025
1,10,C12,M,00:11:34.58,259305
1,1,D01,M,00:00:39.05,259227
1,2,D01,M,00:01:52.21,259244
1,3,D01,M,00:03:05.36,259330
1,4,D01,M,00:04:18.52,259593
1,5,D01,M,00:05:31.70,259289
1,6,D01,M,00:06:44.88,258361
1,7,D01,M,00:07:58.03,258492
1,8,D01,M,00:09:11.19,259800
1,9,D01,M,00:10:24.35,258927
1,10,D01,M,00:11:37.54,258969
1,1,D02,M,00:00:39.57,257644
1,2,D02,M,00:01:52.72,255914
1,3,D02,M,00:03:05.88,256734
1,4,D02,M,00:04:19.04,256233
1,5,D02,M,00:05:32.21,255686
1,6,D02,M,00:06:45.39,256169
1,7,D02,M,00:07:58.55,256341
1,8,D02,M,00:09:11.71,256770
1,9,D02,M,00:10:24.87,256818
1,10,D02,M,00:11:38.05,255587
1,1,D03,M,00:00:40.08,245571
1,2,D03,M,00:01:53.24,244487
1,3,D03,M,00:03:06.39,244068
1,4,D03,M,00:04:19.55,244267
1,5,D03,M,00:05:32.73,244967
1,6,D03,M,00:06:45.91,245228
1,7,D03,M,00:07:59.06,245149
1,8,D03,M,00:09:12.22,245769
1,9,D03,M,00:10:25.38,245017
1,10,D03,M,00:11:38.57,245441
1,1,D04,M,00:00:40.60,254660
1,2,D04,M,00:01:53.75,253242
1,3,D04,M,00:03:06.91,253709
1,4,D04,M,00:04:20.07,253759
1,5,D04,M,00:05:33.24,253807
1,6,D04,M,00:06:46.42,252280
1,7,D04,M,00:07:59.58,254204
1,8,D04,M,00:09:12.74,254208
1,9,D04,M,00:10:25.90,255441
1,10,D04,M,00:11:39.08,253016
1,1,D05,M,00:00:41.11,254170
1,2,D05,M,00:01:54.27,252930
1,3,D05,M,00:03:07.42,252423
1,4,D05,M,00:04:20.58,254059
1,5,D05,M,00:05:33.76,253193
1,6,D05,M,00:06:46.94,253433
1,7,D05,M,00:08:00.09,253678
1,8,D05,M,00:09:13.25,254598
1,9,D05,M,00:10:26.41,253504
1,10,D05,M,00:11:39.60,253794
1,1,D06,M,00:00:41.63,252689
1,2,D06,M,00:01:54.78,253238
1,3,D06,M,00:03:07.94,253498
1,4,D06,M,00:04:21.10,253157
1,5,D06,M,00:05:34.28,252728
1,6,D06,M,00:06:47.45,253590
1,7,D06,M,00:08:00.61,251802
1,8,D06,M,00:09:13.77,253356
1,9,D06,M,00:10:26.93,253583
1,10,D06,M,00:11:40.11,253212
1,1,D07,M,00:00:42.14,255443
1,2,D07,M,00:01:55.30,253981
1,3,D07,M,00:03:08.45,254337
1,4,D07,M,00:04:21.61,254250
1,5,D07,M,00:05:34.79,254349
1,6,D07,M,00:06:47.97,253654
1,7,D07,M,00:08:01.12,254949
1,8,D07,M,00:09:14.28,254148
1,9,D07,M,00:10:27.44,253659
1,10,D07,M,00:11:40.63,255400
1,1,D08,M,00:00:42.66,251210
1,2,D08,M,00:01:55.81,250345
1,3,D08,M,00:03:08.97,251768
1,4,D08,M,00:04:22.13,251739
1,5,D08,M,00:05:35.30,251456
1,6,D08,M,00:06:48.48,250448
1,7,D08,M,00:08:01.64,249959
1,8,D08,M,00:09:14.80,251634
1,9,D08,M,00:10:27.96,250861
1,10,D08,M,00:11:41.14,251290
1,1,D09,M,00:00:43.17,254356
1,2,D09,M,00:01:56.33,253929
1,3,D09,M,00:03:09.48,254651
1,4,D09,M,00:04:22.64,253771
1,5,D09,M,00:05:35.82,254128
1,6,D09,M,00:06:49.00,254591
1,7,D09,M,00:08:02.15,253844
1,8,D09,M,00:09:15.31,254552
1,9,D09,M,00:10:28.47,254337
1,10,D09,M,00:11:41.66,253466
1,1,D10,M,00:00:43.69,256049
1,2,D10,M,00:01:56.84,255799
1,3,D10,M,00:03:10.00,256171
1,4,D10,M,00:04:23.16,256291
1,5,D10,M,00:05:36.33,255461
1,6,D10,M,00:06:49.51,255249
1,7,D10,M,00:08:02.67,254488
1,8,D10,M,00:09:15.83,255794
1,9,D10,M,00:10:28.99,255865
1,10,D10,M,00:11:42.17,256401
1,1,D11,M,00:00:44.20,255659
1,2,D11,M,00:01:57.36,254440
1,3,D11,M,00:03:10.51,255809
1,4,D11,M,00:04:23.67,254583
1,5,D11,M,00:05:36.85,254831
1,6,D11,M,00:06:50.03,255708
1,7,D11,M,00:08:03.18,254874
1,8,D11,M,00:09:16.34,254396
1,9,D11,M,00:10:29.50,255094
1,10,D11,M,00:11:42.69,254990
1,1,D12,M,00:00:44.72,261111
1,2,D12,M,00:01:57.87,260137
1,3,D12,M,00:03:11.03,259869
1,4,D12,M,00:04:24.19,259499
1,5,D12,M,00:05:37.36,259597
1,6,D12,M,00:06:50.54,259016
1,7,D12,M,00:08:03.70,260149
1,8,D12,M,00:09:16.86,260140
1,9,D12,M,00:10:30.02,260136
1,10,D12,M,00:11:43.20,259814
1,1,E01,M,00:00:47.67,259277
1,2,E01,M,00:02:00.83,259972
1,3,E01,M,00:03:13.98,260176
1,4,E01,M,00:04:27.14,259050
1,5,E01,M,00:05:40.32,259070
1,6,E01,M,00:06:53.50,259182
1,7,E01,M,00:08:06.65,259543
1,8,E01,M,00:09:19.81,258833
1,9,E01,M,00:10:32.97,258301
1,10,E01,M,00:11:46.16,258959
1,1,E02,M,00:00:48.18,256070
1,2,E02,M,00:02:01.34,255657
1,3,E02,M,00:03:14.50,256149
1,4,E02,M,00:04:27.66,254936
1,5,E02,M,00:05:40.83,255904
1,6,E02,M,00:06:54.01,255239
1,7,E02,M,00:08:07.17,254753
1,8,E02,M,00:09:20.32,255739
1,9,E02,M,00:10:33.49,255380
1,10,E02,M,00:11:46.67,255352
1,1,E03,M,00:00:48.70,253922
1,2,E03,M,00:02:01.86,252413
1,3,E03,M,00:03:15.01,252991
1,4,E03,M,00:04:28.17,252457
1,5,E03,M,00:05:41.35,252681
1,6,E03,M,00:06:54.53,252134
1,7,E03,M,00:08:07.68,253014
1,8,E03,M,00:09:20.84,252807
1,9,E03,M,00:10:34.00,251838
1,10,E03,M,00:11:47.19,253062
1,1,E04,M,00:00:49.21,253009
1,2,E04,M,00:02:02.37,253495
1,3,E04,M,00:03:15.53,252330
1,4,E04,M,00:04:28.69,253036
1,5,E04,M,00:05:41.86,252074
1,6,E04,M,00:06:55.04,252859
1,7,E04,M,00:08:08.20,252275
1,8,E04,M,00:09:21.35,253237
1,9,E04,M,00:10:34.52,252668
1,10,E04,M,00:11:47.70,253176
1,1,E05,M,00:00:49.73,252914
1,2,E05,M,00:02:02.89,252392
1,3,E05,M,00:03:16.04,252580
1,4,E05,M,00:04:29.20,252576
1,5,E05,M,00:05:42.38,252098
1,6,E05,M,00:06:55.56,252624
1,7,E05,M,00:08:08.71,251399
1,8,E05,M,00:09:21.87,252475
1,9,E05,M,00:10:35.03,252038
1,10,E05,M,00:11:48.22,253232
1,1,E06,M,00:00:50.24,253797
1,2,E06,M,00:02:03.40,252648
1,3,E06,M,00:03:16.56,252763
1,4,E06,M,00:04:29.72,251892
1,5,E06,M,00:05:42.89,253135
1,6,E06,M,00:06:56.07,253409
1,7,E06,M,00:08:09.23,252205
1,8,E06,M,00:09:22.38,252122
1,9,E06,M,00:10:35.55,252786
1,10,E06,M,00:11:48.73,252798
1,1,E07,M,00:00:50.76,254430
1,2,E07,M,00:02:03.92,253261
1,3,E07,M,00:03:17.07,253673
1,4,E07,M,00:04:30.23,252920
1,5,E07,M,00:05:43.41,253064
1,6,E07,M,00:06:56.59,253712
1,7,E07,M,00:08:09.74,253607
1,8,E07,M,00:09:22.90,253869
1,9,E07,M,00:10:36.06,253768
1,10,E07,M,00:11:49.25,254024
1,1,E08,M,00:00:51.27,255690
1,2,E08,M,00:02:04.43,255047
1,3,E08,M,00:03:17.59,255066
1,4,E08,M,00:04:30.75,254614
1,5,E08,M,00:05:43.92,255084
1,6,E08,M,00:06:57.10,254588
1,7,E08,M,00:08:10.26,254342
1,8,E08,M,00:09:23.41,254125
1,9,E08,M,00:10:36.58,254695
1,10,E08,M,00:11:49.76,254799
1,1,E09,M,00:00:51.79,255986
1,2,E09,M,00:02:04.95,255586
1,3,E09,M,00:03:18.10,254391
1,4,E09,M,00:04:31.26,255350
1,5,E09,M,00:05:44.44,255446
1,6,E09,M,00:06:57.62,255234
1,7,E09,M,00:08:10.77,255230
1,8,E09,M,00:09:23.93,255261
1,9,E09,M,00:10:37.09,254452
1,10,E09,M,00:11:50.28,256275
1,1,E10,M,00:00:52.31,255183
1,2,E10,M,00:02:05.46,254857
1,3,E10,M,00:03:18.62,255740
1,4,E10,M,00:04:31.78,255444
1,5,E10,M,00:05:44.95,256317
1,6,E10,M,00:06:58.13,255463
1,7,E10,M,00:08:11.29,255869
1,8,E10,M,00:09:24.44,256039
1,9,E10,M,00:10:37.61,256074
1,10,E10,M,00:11:50.79,256670
1,1,E11,M,00:00:52.82,254905
1,2,E11,M,00:02:05.98,253889
1,3,E11,M,00:03:19.13,254774
1,4,E11,M,00:04:32.29,254079
1,5,E11,M,00:05:45.47,255250
1,6,E11,M,00:06:58.65,253455
1,7,E11,M,00:08:11.80,254067
1,8,E11,M,00:09:24.96,253911
1,9,E11,M,00:10:38.12,254133
1,10,E11,M,00:11:51.31,254390
1,1,E12,M,00:00:53.33,258769
1,2,E12,M,00:02:06.49,259024
1,3,E12,M,00:03:19.65,257795
1,4,E12,M,00:04:32.81,258354
1,5,E12,M,00:05:45.98,259358
1,6,E12,M,00:06:59.16,258864
1,7,E12,M,00:08:12.32,259319
1,8,E12,M,00:09:25.47,260246
1,9,E12,M,00:10:38.64,258700
1,10,E12,M,00:11:51.82,258659
1,1,F01,M,00:00:56.29,258885
1,2,F01,M,00:02:09.45,259556
1,3,F01,M,00:03:22.60,259077
1,4,F01,M,00:04:35.76,258485
1,5,F01,M,00:05:48.94,260199
1,6,F01,M,00:07:02.12,258717
1,7,F01,M,00:08:15.27,258889
1,8,F01,M,00:09:28.43,259483
1,9,F01,M,00:10:41.59,259288
1,10,F01,M,00:11:54.78,259622
1,1,F02,M,00:00:56.80,256500
1,2,F02,M,00:02:09.96,256726
1,3,F02,M,00:03:23.12,255928
1,4,F02,M,00:04:36.28,255896
1,5,F02,M,00:05:49.45,255667
1,6,F02,M,00:07:02.63,256409
1,7,F02,M,00:08:15.78,256228
1,8,F02,M,00:09:28.94,256505
1,9,F02,M,00:10:42.11,255804
1,10,F02,M,00:11:55.29,256472
1,1,F03,M,00:00:57.32,254605
1,2,F03,M,00:02:10.48,254411
1,3,F03,M,00:03:23.63,253908
1,4,F03,M,00:04:36.79,253425
1,5,F03,M,00:05:49.97,253830
1,6,F03,M,00:07:03.15,254247
1,7,F03,M,00:08:16.30,253226
1,8,F03,M,00:09:29.46,254256
1,9,F03,M,00:10:42.64,253846
1,10,F03,M,00:11:55.81,253598
1,1,F04,M,00:00:57.83,255031
1,2,F04,M,00:02:10.99,253598
1,3,F04,M,00:03:24.15,254268
1,4,F04,M,00:04:37.30,253835
1,5,F04,M,00:05:50.48,254123
1,6,F04,M,00:07:03.66,254636
1,7,F04,M,00:08:16.82,253874
1,8,F04,M,00:09:29.97,253705
1,9,F04,M,00:10:43.16,254379
1,10,F04,M,00:11:56.32,254535
1,1,F05,M,00:00:58.35,253519
1,2,F05,M,00:02:11.51,253503
1,3,F05,M,00:03:24.66,253783
1,4,F05,M,00:04:37.82,254053
1,5,F05,M,00:05:51.00,253998
1,6,F05,M,00:07:04.18,252560
1,7,F05,M,00:08:17.33,253239
1,8,F05,M,00:09:30.49,252856
1,9,F05,M,00:10:43.67,252363
1,10,F05,M,00:11:56.84,254303
1,1,F06,M,00:00:58.86,253419
1,2,F06,M,00:02:12.02,253401
1,3,F06,M,00:03:25.18,253165
1,4,F06,M,00:04:38.33,253638
1,5,F06,M,00:05:51.51,252837
1,6,F06,M,00:07:04.69,253208
1,7,F06,M,00:08:17.85,252302
1,8,F06,M,00:09:31.00,253855
1,9,F06,M,00:10:44.19,253063
1,10,F06,M,00:11:57.35,252776
1,1,F07,M,00:00:59.38,253721
1,2,F07,M,00:02:12.54,253049
1,3,F07,M,00:03:25.69,253740
1,4,F07,M,00:04:38.85,252733
1,5,F07,M,00:05:52.03,253262
1,6,F07,M,00:07:05.21,254179
1,7,F07,M,00:08:18.36,253114
1,8,F07,M,00:09:31.52,253961
1,9,F07,M,00:10:44.70,254279
1,10,F07,M,00:11:57.87,254274
1,1,F08,M,00:00:59.89,254284
1,2,F08,M,00:02:13.05,254925
1,3,F08,M,00:03:26.21,255418
1,4,F08,M,00:04:39.36,255317
1,5,F08,M,00:05:52.54,255357
1,6,F08,M,00:07:05.72,255460
1,7,F08,M,00:08:18.88,255006
1,8,F08,M,00:09:32.03,254738
1,9,F08,M,00:10:45.22,255765
1,10,F08,M,00:11:58.38,255539
1,1,F09,M,00:01:00.41,253329
1,2,F09,M,00:02:13.57,252836
1,3,F09,M,00:03:26.72,254037
1,4,F09,M,00:04:39.88,253699
1,5,F09,M,00:05:53.06,252898
1,6,F09,M,00:07:06.24,252924
1,7,F09,M,00:08:19.39,252767
1,8,F09,M,00:09:32.55,253240
1,9,F09,M,00:10:45.73,252904
1,10,F09,M,00:11:58.90,252700
1,1,F10,M,00:01:00.92,259741
1,2,F10,M,00:02:14.08,257994
1,3,F10,M,00:03:27.24,257343
1,4,F10,M,00:04:40.40,258051
1,5,F10,M,00:05:53.57,257448
1,6,F10,M,00:07:06.75,257090
1,7,F10,M,00:08:19.90,257503
1,8,F10,M,00:09:33.06,257985
1,9,F10,M,00:10:46.25,257431
1,10,F10,M,00:11:59.41,257864
1,1,F11,M,00:01:01.44,254617
1,2,F11,M,00:02:14.60,254767
1,3,F11,M,00:03:27.75,254971
1,4,F11,M,00:04:40.91,255438
1,5,F11,M,00:05:54.09,255676
1,6,F11,M,00:07:07.27,254845
1,7,F11,M,00:08:20.42,254785
1,8,F11,M,00:09:33.58,255621
1,9,F11,M,00:10:46.76,254660
1,10,F11,M,00:11:59.93,255279
1,1,F12,M,00:01:01.95,258605
1,2,F12,M,00:02:15.11,259308
1,3,F12,M,00:03:28.27,259567
1,4,F12,M,00:04:41.42,259921
1,5,F12,M,00:05:54.60,258829
1,6,F12,M,00:07:07.78,259593
1,7,F12,M,00:08:20.94,260350
1,8,F12,M,00:09:34.09,259565
1,9,F12,M,00:10:47.28,259537
1,10,F12,M,00:12:00.44,259268
1,1,G01,M,00:01:04.91,258716
1,2,G01,M,00:02:18.07,259142
1,3,G01,M,00:03:31.22,258743
1,4,G01,M,00:04:44.38,259016
1,5,G01,M,00:05:57.56,258931
1,6,G01,M,00:07:10.74,260065
1,7,G01,M,00:08:23.89,259545
1,8,G01,M,00:09:37.05,257775
1,9,G01,M,00:10:50.23,258428
1,10,G01,M,00:12:03.39,259762
1,1,G02,M,00:01:05.42,256963
1,2,G02,M,00:02:18.58,257585
1,3,G02,M,00:03:31.74,257234
1,4,G02,M,00:04:44.89,256165
1,5,G02,M,00:05:58.07,256772
1,6,G02,M,00:07:11.25,256291
1,7,G02,M,00:08:24.40,257769
1,8,G02,M,00:09:37.56,257648
1,9,G02,M,00:10:50.75,257006
1,10,G02,M,00:12:03.91,256897
1,1,G03,M,00:01:05.94,254620
1,2,G03,M,00:02:19.10,254927
1,3,G03,M,00:03:32.25,254639
1,4,G03,M,00:04:45.41,254960
1,5,G03,M,00:05:58.59,253532
1,6,G03,M,00:07:11.77,254962
1,7,G03,M,00:08:24.92,255188
1,8,G03,M,00:09:38.08,254085
1,9,G03,M,00:10:51.26,254631
1,10,G03,M,00:12:04.43,254872
1,1,G04,M,00:01:06.45,254241
1,2,G04,M,00:02:19.61,254025
1,3,G04,M,00:03:32.77,255343
1,4,G04,M,00:04:45.92,253837
1,5,G04,M,00:05:59.10,254331
1,6,G04,M,00:07:12.28,254266
1,7,G04,M,00:08:25.43,255079
1,8,G04,M,00:09:38.59,253421
1,9,G04,M,00:10:51.78,253862
1,10,G04,M,00:12:04.94,255138
1,1,G05,M,00:01:06.97,253372
1,2,G05,M,00:02:20.13,253675
1,3,G05,M,00:03:33.28,253117
1,4,G05,M,00:04:46.44,253901
1,5,G05,M,00:05:59.62,253007
1,6,G05,M,00:07:12.80,253186
1,7,G05,M,00:08:25.95,252699
1,8,G05,M,00:09:39.11,253664
1,9,G05,M,00:10:52.29,253570
1,10,G05,M,00:12:05.45,253583
1,1,G06,M,00:01:07.48,252538
1,2,G06,M,00:02:20.64,252464
1,3,G06,M,00:03:33.80,252318
1,4,G06,M,00:04:46.95,252348
1,5,G06,M,00:06:00.13,253136
1,6,G06,M,00:07:13.31,252783
1,7,G06,M,00:08:26.46,253340
1,8,G06,M,00:09:39.62,252704
1,9,G06,M,00:10:52.81,252771
1,10,G06,M,00:12:05.97,253292
1,1,G07,M,00:01:08.00,253725
1,2,G07,M,00:02:21.16,253030
1,3,G07,M,00:03:34.31,253432
1,4,G07,M,00:04:47.47,253956
1,5,G07,M,00:06:00.65,254830
1,6,G07,M,00:07:13.83,252964
1,7,G07,M,00:08:26.98,253822
1,8,G07,M,00:09:40.14,253870
1,9,G07,M,00:10:53.32,253769
1,10,G07,M,00:12:06.48,253966
1,1,G08,M,00:01:08.51,253793
1,2,G08,M,00:02:21.67,253594
1,3,G08,M,00:03:34.83,254489
1,4,G08,M,00:04:47.98,255405
1,5,G08,M,00:06:01.16,254265
1,6,G08,M,00:07:14.34,254281
1,7,G08,M,00:08:27.49,254118
1,8,G08,M,00:09:40.65,254260
1,9,G08,M,00:10:53.84,254121
1,10,G08,M,00:12:07.00,255217
1,1,G09,M,00:01:09.03,255316
1,2,G09,M,00:02:22.19,255975
1,3,G09,M,00:03:35.34,255827
1,4,G09,M,00:04:48.50,256114
1,5,G09,M,00:06:01.68,256022
1,6,G09,M,00:07:14.86,256096
1,7,G09,M,00:08:28.01,255276
1,8,G09,M,00:09:41.17,254925
1,9,G09,M,00:10:54.35,256210
1,10,G09,M,00:12:07.51,256345
1,1,G10,M,00:01:09.54,257016
1,2,G10,M,00:02:22.70,256965
1,3,G10,M,00:03:35.86,257158
1,4,G10,M,00:04:49.01,256522
1,5,G10,M,00:06:02.19,256154
1,6,G10,M,00:07:15.37,255736
1,7,G10,M,00:08:28.52,257090
1,8,G10,M,00:09:41.68,255794
1,9,G10,M,00:10:54.87,257407
1,10,G10,M,00:12:08.03,255894
1,1,G11,M,00:01:10.06,254019
1,2,G11,M,00:02:23.22,255245
1,3,G11,M,00:03:36.37,255112
1,4,G11,M,00:04:49.53,254684
1,5,G11,M,00:06:02.71,255749
1,6,G11,M,00:07:15.89,254818
1,7,G11,M,00:08:29.04,254933
1,8,G11,M,00:09:42.20,255627
1,9,G11,M,00:10:55.38,255992
1,10,G11,M,00:12:08.54,255660
1,1,G12,M,00:01:10.57,259685
1,2,G12,M,00:02:23.73,259430
1,3,G12,M,00:03:36.89,259442
1,4,G12,M,00:04:50.04,260542
1,5,G12,M,00:06:03.22,258893
1,6,G12,M,00:07:16.40,260339
1,7,G12,M,00:08:29.55,259226
1,8,G12,M,00:09:42.71,259024
1,9,G12,M,00:10:55.90,259762
1,10,G12,M,00:12:09.06,259687
1,1,H01,M,00:01:13.53,259701
1,2,H01,M,00:02:26.69,258702
1,3,H01,M,00:03:39.84,259012
1,4,H01,M,00:04:53.00,259676
1,5,H01,M,00:06:06.18,258928
1,6,H01,M,00:07:19.35,259070
1,7,H01,M,00:08:32.51,258501
1,8,H01,M,00:09:45.67,259272
1,9,H01,M,00:10:58.85,259806
1,10,H01,M,00:12:12.01,259162
1,1,H02,M,00:01:14.04,255518
1,2,H02,M,00:02:27.20,256614
1,3,H02,M,00:03:40.35,256265
1,4,H02,M,00:04:53.51,256194
1,5,H02,M,00:06:06.69,255878
1,6,H02,M,00:07:19.87,256713
1,7,H02,M,00:08:33.02,255758
1,8,H02,M,00:09:46.18,256341
1,9,H02,M,00:10:59.37,255887
1,10,H02,M,00:12:12.53,256201
1,1,H03,M,00:01:14.56,254245
1,2,H03,M,00:02:27.72,254970
1,3,H03,M,00:03:40.87,254266
1,4,H03,M,00:04:54.03,254816
1,5,H03,M,00:06:07.21,255272
1,6,H03,M,00:07:20.39,255674
1,7,H03,M,00:08:33.54,254703
1,8,H03,M,00:09:46.70,256003
1,9,H03,M,00:10:59.88,254905
1,10,H03,M,00:12:13.04,255988
1,1,H04,M,00:01:15.07,255996
1,2,H04,M,00:02:28.23,255320
1,3,H04,M,00:03:41.39,256566
1,4,H04,M,00:04:54.54,255958
1,5,H04,M,00:06:07.72,256313
1,6,H04,M,00:07:20.90,256407
1,7,H04,M,00:08:34.05,255955
1,8,H04,M,00:09:47.21,255674
1,9,H04,M,00:11:00.40,256185
1,10,H04,M,00:12:13.56,256211
1,1,H05,M,00:01:15.59,255978
1,2,H05,M,00:02:28.75,255430
1,3,H05,M,00:03:41.90,255533
1,4,H05,M,00:04:55.06,255864
1,5,H05,M,00:06:08.24,255198
1,6,H05,M,00:07:21.42,254710
1,7,H05,M,00:08:34.57,254960
1,8,H05,M,00:09:47.73,254591
1,9,H05,M,00:11:00.91,255803
1,10,H05,M,00:12:14.07,255379
1,1,H06,M,00:01:16.10,254536
1,2,H06,M,00:02:29.26,253993
1,3,H06,M,00:03:42.41,255093
1,4,H06,M,00:04:55.57,254551
1,5,H06,M,00:06:08.75,254134
1,6,H06,M,00:07:21.93,255323
1,7,H06,M,00:08:35.08,255065
1,8,H06,M,00:09:48.24,255565
1,9,H06,M,00:11:01.43,254712
1,10,H06,M,00:12:14.59,254835
1,1,H07,M,00:01:16.62,254656
1,2,H07,M,00:02:29.78,255007
1,3,H07,M,00:03:42.93,255733
1,4,H07,M,00:04:56.09,255106
1,5,H07,M,00:06:09.27,254398
1,6,H07,M,00:07:22.45,255241
1,7,H07,M,00:08:35.60,255585
1,8,H07,M,00:09:48.76,254754
1,9,H07,M,00:11:01.94,255315
1,10,H07,M,00:12:15.10,255912
1,1,H08,M,00:01:17.13,256283
1,2,H08,M,00:02:30.29,256391
1,3,H08,M,00:03:43.44,255879
1,4,H08,M,00:04:56.60,255258
1,5,H08,M,00:06:09.78,255505
1,6,H08,M,00:07:22.96,255709
1,7,H08,M,00:08:36.11,254760
1,8,H08,M,00:09:49.27,255241
1,9,H08,M,00:11:02.46,255400
1,10,H08,M,00:12:15.62,256571
1,1,H09,M,00:01:17.65,257772
1,2,H09,M,00:02:30.81,257505
1,3,H09,M,00:03:43.96,257995
1,4,H09,M,00:04:57.12,257471
1,5,H09,M,00:06:10.30,257480
1,6,H09,M,00:07:23.47,258579
1,7,H09,M,00:08:36.63,258803
1,8,H09,M,00:09:49.79,257461
1,9,H09,M,00:11:02.97,258618
1,10,H09,M,00:12:16.13,259214
1,1,H10,M,00:01:18.16,258975
1,2,H10,M,00:02:31.32,258303
1,3,H10,M,00:03:44.47,258829
1,4,H10,M,00:04:57.63,257693
1,5,H10,M,00:06:10.81,259614
1,6,H10,M,00:07:23.99,257947
1,7,H10,M,00:08:37.14,258123
1,8,H10,M,00:09:50.30,258469
1,9,H10,M,00:11:03.49,258346
1,10,H10,M,00:12:16.65,259273
1,1,H11,M,00:01:18.68,256781
1,2,H11,M,00:02:31.84,256468
1,3,H11,M,00:03:44.99,256186
1,4,H11,M,00:04:58.15,255268
1,5,H11,M,00:06:11.33,255924
1,6,H11,M,00:07:24.51,256243
1,7,H11,M,00:08:37.66,256189
1,8,H11,M,00:09:50.82,256656
1,9,H11,M,00:11:04.00,256414
1,10,H11,M,00:12:17.16,256412
1,1,H12,M,00:01:19.19,259706
1,2,H12,M,00:02:32.35,260099
1,3,H12,M,00:03:45.50,259827
1,4,H12,M,00:04:58.66,260280
1,5,H12,M,00:06:11.84,260318
1,6,H12,M,00:07:25.02,259266
1,7,H12,M,00:08:38.17,258852
1,8,H12,M,00:09:51.33,259612
1,9,H12,M,00:11:04.52,260181
1,10,H12,M,00:12:17.68,259050