# 36C_NBD_Time,36C_NBD,36C_FRET_Time,36C_FRET,68C_NBD_Time,68C_NBD,68C_FRET_Time,68C_FRET,126C_NBD_Time,126C_NBD,126C_FRET_Time,126C_FRET
0,1,0,-0.694023014,0,1,0,-0.149346143,0,1,0,-0.53830931
29.066,1.00076539,29.055,4.7649902,29.153,1.121142937,29.075,7.434908222,29.034,1.137884243,29.289,2.709585977
58.263,1.015427285,58.127,11.73855894,58.421,1.304421825,58.238,20.08410516,58.327,1.322838397,58.323,9.69571842
87.524,1.030315127,87.324,16.54603794,87.639,1.37740685,87.5,28.06606216,87.34,1.423079074,87.614,13.76987527
116.732,1.040511241,116.583,17.93113642,116.651,1.454559789,116.728,31.78437258,116.32,1.523792665,116.63,16.31163529
145.743,1.047045129,145.785,18.96757726,145.707,1.524877282,145.741,31.61292348,145.419,1.601317686,145.61,16.44398459
174.773,1.046999163,174.805,19.47598958,174.675,1.540626877,174.787,32.22984601,174.516,1.679024567,174.708,16.71101471
203.847,1.059932351,203.838,19.33329134,203.788,1.606071389,203.76,31.99418692,203.466,1.738289812,203.794,16.48868022
232.952,1.046187099,232.905,19.5980156,232.829,1.631936783,232.869,33.46129694,232.528,1.80878359,232.748,16.99958753
261.995,1.063594352,262.017,19.08411844,261.832,1.65910826,261.911,32.39682707,261.55,1.876427721,261.818,18.04280517
291.015,1.067765106,291.068,18.64989115,290.843,1.667438692,290.913,33.12367298,290.528,1.909022234,290.85,18.2375149
320.029,1.072848807,320.074,16.38639212,319.907,1.705018314,319.924,33.13945367,319.712,1.983809363,319.831,17.32110892
348.981,1.073303083,349.093,16.69524783,348.985,1.731306888,348.988,32.85891764,348.868,2.022802213,349,19.2086784
378.033,1.071498684,378.038,18.02565984,378.15,1.725663732,378.063,34.00408629,377.818,2.087164551,378.148,19.74659145
407.242,1.061432173,407.103,16.84398904,407.184,1.780337643,407.241,34.22726144,406.83,2.117364567,407.105,18.99343482
436.254,1.069510947,436.304,19.96945919,436.216,1.768932367,436.255,33.63385702,435.84,2.169225253,436.119,21.05031384
465.329,1.061194657,465.315,18.97475906,465.227,1.816571577,465.296,34.8917276,464.907,2.238700886,465.131,19.206493
494.341,1.07216129,494.401,17.60959874,494.188,1.828820711,494.31,35.19382701,493.865,2.266730871,494.194,18.71322505
523.372,1.080871648,523.394,17.67612599,523.253,1.828429777,523.277,34.4327982,522.933,2.323389387,523.163,19.9523551
552.344,1.078750104,552.436,16.48720844,552.219,1.831571976,552.333,34.60908618,551.933,2.353097431,552.221,18.77302692
581.389,1.09101389,581.395,16.12453191,581.298,1.872410398,581.302,33.97231274,580.817,2.409715334,581.218,19.86836179
610.367,1.085456742,610.446,15.79715577,610.184,1.889922246,610.368,34.59456215,609.861,2.446375075,610.108,20.01890818
639.265,1.089454689,639.426,15.48492706,639.152,1.892616743,639.264,33.57933499,638.877,2.473000308,639.147,18.9550127
668.329,1.093106884,668.319,14.0651192,668.195,1.88766262,668.234,31.39258059,668.001,2.515441802,668.162,19.85744251
697.277,1.089588044,697.391,13.97624192,697.282,1.866414269,697.278,34.10701933,696.918,2.561591252,697.288,19.08143814
726.342,1.088333282,726.346,13.13447814,726.23,1.89276153,726.373,36.89226237,725.929,2.589137514,726.205,19.35592058
755.302,1.091847717,755.403,12.9560119,755.232,1.919084863,755.31,32.48250563,754.942,2.603515152,755.215,18.52962428
784.322,1.093874029,784.374,12.81253924,784.224,1.914941218,784.313,33.08283868,784.078,2.642250544,784.23,19.91110234
813.41,1.106242612,813.385,11.8818317,813.38,1.922938877,813.315,33.37363534,813.05,2.677075011,813.375,18.73607211
842.475,1.099178009,842.48,11.19338436,842.434,1.91549184,842.473,32.60187168,842.062,2.718137356,842.334,18.36502442
871.548,1.100708411,871.532,9.222198797,871.449,1.93324095,871.514,32.28602549,871.125,2.739632193,871.349,16.53205278
900.562,1.098990339,900.618,9.72673251,900.428,1.922866355,900.527,33.28863993,900.23,2.779191224,900.407,16.59121028
929.593,1.102188862,929.631,10.58024435,929.596,1.929835745,929.508,32.7972697,929.262,2.759024798,929.527,18.28535235
958.688,1.090317702,958.65,9.326210654,958.546,1.90550974,958.681,33.4319144,958.276,2.805350128,958.54,16.77833866
987.75,1.081901245,987.738,9.832069742,987.63,1.915158527,987.636,32.67024711,987.26,2.842939146,987.555,16.20853278
1016.744,1.091339094,1016.811,7.657809829,1016.641,1.916100224,1016.71,32.53782666,1016.288,2.873758776,1016.549,16.37515828
1045.726,1.09502905,1045.813,8.037361777,1045.686,1.929314188,1045.721,31.96236325,1045.333,2.895612135,1045.577,16.54728427
1074.774,1.092898425,1074.794,7.175621429,1074.648,1.936747487,1074.758,31.44553857,1074.32,2.913443302,1074.62,14.19210789
1103.798,1.101479831,1103.839,6.925965778,1103.7,1.925865754,1103.737,31.79569871,1103.377,2.964469678,1103.623,14.1311008
1132.769,1.100937747,1132.854,6.916541352,1132.688,1.937022897,1132.78,30.82234699,1132.335,2.986719123,1132.666,14.72364143
1161.763,1.102847691,1161.829,6.070816129,1161.721,1.946166561,1161.763,29.61476442,1161.411,3.000962315,1161.633,13.83090403
1190.825,1.108878568,1190.83,5.877443857,1190.69,1.928995322,1190.8,30.95215473,1190.369,3.02655115,1190.689,14.4420944
1219.859,1.100841887,1219.877,7.236741342,1219.745,1.936167742,1219.772,31.25907265,1219.38,3.056585585,1219.661,13.59753484
1248.87,1.103656857,1248.908,6.086990758,1248.757,1.936964795,1248.835,30.23203901,1248.436,3.082087076,1248.67,13.32969325
1277.913,1.104987222,1277.921,6.903083256,1277.729,1.933371347,1277.849,30.23780534,1277.407,3.099799765,1277.732,13.99156399
1306.89,1.116374541,1306.972,6.504859719,1306.792,1.940515014,1306.809,27.4032873,1306.418,3.12247643,1306.694,13.7373448
1335.874,1.113028935,1335.951,6.496081743,1335.803,1.944949368,1335.871,29.86334333,1335.429,3.151371253,1335.707,13.2223622
1364.906,1.11464324,1364.945,5.218904949,1364.82,1.925952694,1364.885,29.3193281,1364.442,3.167123407,1364.722,12.66284208
1393.917,1.112382303,1393.968,5.028230374,1393.85,1.943181439,1393.895,27.96342722,1393.522,3.179542016,1393.741,12.50741756
1422.928,1.117934878,1422.98,4.418910815,1422.798,1.939703628,1422.927,27.97468637,1422.506,3.206184643,1422.813,11.6934398
1451.962,1.111915249,1452,5.525266205,1451.873,1.957368721,1451.877,27.13581673,1451.562,3.229099496,1451.794,11.08626649
1480.941,1.113767272,1481.014,3.908100682,1480.873,1.954934108,1480.947,27.8812895,1480.542,3.248172355,1480.859,11.01440223
1510.018,1.118414564,1510.003,3.872791751,1509.919,1.952137173,1509.953,26.86933972,1509.573,3.267371042,1509.841,12.00705193
1539.001,1.118285242,1539.078,4.386209012,1538.941,1.9641514,1538.997,28.16796498,1538.608,3.278448125,1538.854,11.67861273
1568.012,1.119107113,1568.068,4.854272884,1567.888,1.93726927,1568.01,27.11419179,1567.579,3.293650945,1567.896,11.57370662
1597.074,1.123475448,1597.082,3.663694733,1596.919,1.955238357,1596.978,27.0500165,1596.588,3.313275875,1596.866,11.25103212
1626.013,1.115615318,1626.143,3.470365715,1625.964,1.943645036,1626.002,28.73374698,1625.64,3.337785118,1625.879,10.93977285
1655.056,1.12514038,1655.075,3.547552873,1654.939,1.974470987,1655.053,27.49615744,1654.742,3.354881866,1654.938,10.36480436
1684.102,1.124042999,1684.115,4.212500266,1684.125,1.964557207,1684.015,27.47814369,1683.803,3.370371383,1684.026,10.76321867
1713.208,1.121472839,1713.16,3.657615966,1713.083,1.951861762,1713.203,27.90761475,1712.824,3.377648298,1713.091,10.78912476
1742.261,1.125336504,1742.258,4.729836107,1742.116,1.945340528,1742.173,26.18063813,1741.919,3.416987455,1742.107,10.1037893
1771.219,1.120062589,1771.322,4.824165344,1771.182,1.952021196,1771.198,26.80576057,1770.838,3.428306087,1771.213,9.773132733
1800.284,1.126713543,1800.281,2.810974422,1800.14,1.933892903,1800.259,24.20939131,1799.817,3.434261315,1800.135,8.964992262
1829.323,1.126801231,1829.335,4.041922844,1829.204,1.945934834,1829.231,26.06311133,1828.822,3.455342964,1829.1,9.476078031
1858.359,1.122962348,1858.385,2.718894468,1858.218,1.946427325,1858.279,25.72826155,1857.896,3.460106591,1858.107,8.426483715
1887.306,1.126154349,1887.41,2.673512071,1887.218,1.961426702,1887.306,26.93648338,1886.897,3.486856419,1887.185,9.386244978
1916.384,1.124397639,1916.369,4.677078062,1916.263,1.93758791,1916.299,25.62749477,1915.942,3.496478659,1916.185,9.573338306
1945.334,1.128199203,1945.442,2.727714465,1945.234,1.926068444,1945.341,25.28998765,1945.098,3.514950529,1945.224,7.561664037
1974.397,1.130168849,1974.394,5.048325107,1974.356,1.942558239,1974.314,26.5303987,1974.158,3.53070024,1974.385,9.166533969
2003.533,1.12987259,2003.447,3.477414531,2003.535,1.943123479,2003.437,24.3007042,2003.214,3.54276705,2003.447,8.592530988
2032.605,1.114355403,2032.601,5.133405931,2032.504,1.908885227,2032.627,26.03987915,2032.346,3.558919571,2032.507,8.329254519
2061.664,1.115944797,2061.659,4.454565514,2061.64,1.92247528,2061.584,23.85380548,2061.546,3.581947956,2061.646,9.394720467
2090.717,1.120275323,2090.719,4.457684209,2090.798,1.929183792,2090.731,25.95476844,2090.624,3.593551272,2090.832,8.453260498
2119.901,1.124647981,2119.783,2.928068306,2119.91,1.911058366,2119.879,24.10377369,2119.641,3.607423492,2119.908,7.540639423
2149.079,1.130406744,2148.963,4.038580174,2148.936,1.931052938,2148.983,26.16702743,2148.549,3.625926692,2148.924,9.110893118
2178.121,1.12663844,2178.141,3.374601975,2177.855,1.940573116,2178.012,24.27489736,2177.693,3.641275255,2177.838,8.060074012
2206.946,1.134438232,2207.181,3.644128309,2206.991,1.920301829,2206.935,25.84222323,2206.655,3.641530915,2206.985,7.743525478
2236.082,1.128019657,2236.007,2.348272964,2236.021,1.909204094,2236.079,24.00378561,2235.672,3.678195484,2235.945,8.317190511
2265.115,1.126467348,2265.142,3.91509326,2265.053,1.924634142,2265.103,26.34957755,2264.678,3.670620205,2264.956,8.471158715
2294.156,1.12948448,2294.175,3.221407452,2294.065,1.936805589,2294.135,26.69962338,2293.69,3.695679133,2293.967,6.92621092
2323.169,1.125490866,2323.218,4.927024203,2323.079,1.911681481,2323.146,26.79513692,2322.755,3.729316221,2322.986,7.93178763
2352.197,1.131909087,2352.226,4.75171788,2352.056,1.910073128,2352.158,26.51352008,2351.735,3.713687743,2352.042,8.4806316
2381.213,1.128787535,2381.261,5.893218447,2381.096,1.916245125,2381.129,26.11278747,2380.776,3.723301735,2381.016,7.957726553
2410.174,1.12986416,2410.271,4.898183733,2410.078,1.907987128,2410.174,24.42229837,2409.777,3.729704665,2410.068,7.107424744
2439.267,1.129296609,2439.238,4.038297072,2439.143,1.919925286,2439.161,25.25537066,2438.83,3.770454964,2439.066,6.515446184
2468.214,1.126847019,2468.325,3.934390132,2468.101,1.904843368,2468.223,27.14007404,2467.716,3.742594175,2468.129,6.194637321
2497.288,1.133503393,2497.273,5.079592047,2497.011,1.898063584,2497.192,27.01077153,2496.685,3.787504689,2497.007,7.879783993
2526.195,1.131287245,2526.357,4.239229077,2526.062,1.901004227,2526.088,25.9845613,2525.741,3.789234365,2525.973,7.055579882
2555.124,1.136529334,2555.254,4.013933622,2555.045,1.906625148,2555.15,24.06457909,2554.858,3.803400963,2555.031,6.590355998
2584.199,1.132338959,2584.184,4.635411213,2584.139,1.902800625,2584.116,25.12265873,2583.844,3.817712639,2584.142,7.005220651
2613.208,1.130824032,2613.268,5.512957702,2613.232,1.885678207,2613.225,22.6516681,2612.927,3.823866183,2613.141,7.493077094
2642.318,1.131804797,2642.278,4.773307087,2642.209,1.916853593,2642.311,24.77518497,2642.044,3.855160625,2642.199,7.523806324
2671.376,1.125974956,2671.368,4.772002386,2671.368,1.878435791,2671.293,26.07622559,2671.023,3.859124398,2671.341,6.84998384
2700.457,1.124147289,2700.441,5.189857592,2700.41,1.878899246,2700.449,24.83172857,2700.037,3.880174601,2700.324,7.823457734
2729.514,1.127210089,2729.52,4.766250856,2729.422,1.884026795,2729.492,25.64713142,2729.047,3.871835879,2729.334,7.136543344
2758.525,1.127322809,2758.581,5.09058063,2758.435,1.90117808,2758.511,27.06500727,2758.069,3.889005919,2758.345,7.099366264
2787.539,1.134588439,2787.59,4.578270205,2787.445,1.904292774,2787.525,27.0129806,2787.123,3.892325705,2787.357,6.700361326
2816.598,1.130264838,2816.607,4.805446532,2816.416,1.891877849,2816.533,26.10073881,2816.123,3.932569688,2816.419,5.958019122
2845.58,1.126534174,2845.664,4.434284736,2845.506,1.903640821,2845.493,23.52797869,2845.105,3.927065506,2845.409,5.944853382
2874.59,1.127598191,2874.646,6.306242623,2874.497,1.851439245,2874.588,27.2883481,2874.286,3.941415958,2874.39,6.060530701
2903.57,1.129083803,2903.662,4.311973404,2903.576,1.884519286,2903.588,23.03339998,2903.313,3.94943251,2903.577,6.458562683
2932.62,1.131195403,2932.64,6.394987225,2932.629,1.895586423,2932.664,27.57560278,2932.281,3.943650446,2932.613,7.201548566
2961.705,1.129759871,2961.682,5.029040508,2961.668,1.87663962,2961.705,27.35621112,2961.292,3.979403504,2961.57,6.026891997
2990.74,1.125486687,2990.778,3.923422582,2990.678,1.872062693,2990.746,25.12773288,2990.354,4.000007841,2990.583,7.553840637
3019.781,1.129668028,3019.793,5.364777517,3019.636,1.854509377,3019.759,26.18092736,3019.492,3.987443569,3019.643,6.388577196
3048.812,1.135264636,3048.842,5.802122662,3048.795,1.866052145,3048.727,26.98449902,3048.503,3.991453819,3048.788,5.818968005
3077.886,1.126417276,3077.872,5.682608654,3077.802,1.869557149,3077.884,25.20196243,3077.473,4.017487835,3077.799,6.585475033
3106.907,1.135043472,3106.948,6.057649474,3106.868,1.865183111,3106.895,21.92605654,3106.483,4.01813403,3106.76,7.307428702
3136.024,1.134663672,3135.978,5.219676513,3135.88,1.858912054,3135.949,25.48394272,3135.649,4.039906143,3135.771,5.546048767
3164.973,1.136333081,3165.077,5.83559644,3164.916,1.858419733,3164.968,24.42801712,3164.504,4.040286027,3164.944,6.840024936
3193.994,1.133941566,3194.033,6.424438285,3193.892,1.859520267,3193.985,27.98683949,3193.547,4.037392307,3193.8,6.317207864
3223.066,1.135502531,3223.066,4.214546394,3222.921,1.881636773,3222.973,25.81830626,3222.576,4.071085214,3222.846,4.950148115
3252.013,1.139087915,3252.137,5.975506682,3251.944,1.843242898,3252.004,26.48361268,3251.601,4.06922758,3251.869,6.003432143
3281.069,1.135439826,3281.065,4.475530348,3280.89,1.854972831,3281.025,24.2559974,3280.595,4.085384968,3280.896,4.927033604
3310.093,1.140256753,3310.127,5.555116483,3309.969,1.859795451,3309.989,23.80652884,3309.667,4.087284446,3309.882,6.034955075
3339.062,1.132059294,3339.163,6.124905364,3338.973,1.878754459,3339.059,28.03445409,3338.599,4.101083492,3338.96,6.376598475
3368.073,1.130940906,3368.121,4.091061928,3367.994,1.852192302,3368.071,26.3337792,3367.638,4.11063287,3367.896,4.936877361
3397.166,1.12822004,3397.134,6.165428875,3397.019,1.869861142,3397.081,26.85337576,3396.668,4.116978926,3396.932,7.288608939
3426.121,1.133991629,3426.225,5.302249099,3426.036,1.858202453,3426.101,26.56984718,3425.68,4.102520805,3425.95,5.073754155
3455.161,1.130264838,3455.202,4.462613097,3455.064,1.858912054,3455.123,26.54812952,3454.691,4.127495751,3454.966,5.511506696
3484.137,1.12668021,3484.219,5.645642901,3484.075,1.843662897,3484.144,26.3458445,3483.857,4.148480909,3483.979,5.088075455
3513.182,1.131049399,3513.196,6.328584972,3513.12,1.881549833,3513.162,25.78408122,3512.827,4.142204412,3513.153,6.197933222
3542.2,1.140131449,3542.242,5.886725822,3542.226,1.836437171,3542.198,26.48449682,3541.84,4.164045242,3542.123,6.191521647
3571.313,1.137238863,3571.269,5.223543702,3571.227,1.841997549,3571.317,25.29248169,3570.908,4.181647095,3571.122,6.080677797
3600.333,1.131070236,3600.395,6.089482066,3600.205,1.881564479,3600.312,26.25009267,3600.048,4.190556884,3600.207,5.538902505
3629.388,1.135823951,3629.4,6.27349059,3629.369,1.876118291,3629.28,27.03459755,3629.071,4.190197131,3629.347,6.353318787
3658.463,1.129547008,3658.446,6.374104947,3658.371,1.855986681,3658.442,26.80448532,3658.083,4.204154623,3658.356,6.164434973
3687.474,1.135181103,3687.521,5.537327566,3687.383,1.855928891,3687.452,27.58417776,3687.239,4.220139102,3687.37,5.717875829
3716.573,1.133808082,3716.536,6.380347674,3716.543,1.842345054,3716.466,25.96357486,3716.189,4.228651534,3716.522,5.136437941
3745.608,1.141145925,3745.63,5.495925743,3745.554,1.867848117,3745.625,25.55846275,3745.205,4.223994541,3745.478,5.758834486
3774.647,1.135268783,3774.647,4.824580994,3774.597,1.839420164,3774.635,26.69718362,3774.268,4.242018102,3774.491,5.199596458
3803.704,1.140315126,3803.708,4.184971352,3803.619,1.859505848,3803.688,24.97001157,3803.296,4.257679864,3803.551,4.864336468
3832.723,1.129446872,3832.771,5.097748123,3832.58,1.849180273,3832.702,26.11184941,3832.239,4.267111253,3832.589,4.293412006
3861.767,1.138774917,3861.781,7.118195837,3861.621,1.834467716,3861.658,27.73788969,3861.292,4.253216849,3861.534,6.633951383
3890.697,1.139192334,3890.826,6.756416726,3890.656,1.837132126,3890.715,27.30560543,3890.343,4.275000141,3890.57,6.163303251
3919.749,1.134659396,3919.767,6.28962655,3919.616,1.818164206,3919.738,24.3378591,3919.411,4.272490527,3919.624,5.435094462
3948.803,1.139910293,3948.809,6.199208048,3948.669,1.80190611,3948.71,26.69203627,3948.444,4.281943591,3948.701,5.522496182
3977.836,1.139968666,3977.873,5.989580238,3977.817,1.85129443,3977.749,26.64946006,3977.506,4.286037706,3977.732,4.038839794
4006.933,1.131904932,4006.896,6.347901073,4006.791,1.825244321,4006.91,24.86865489,4006.663,4.280112518,4006.795,5.035611948
4035.972,1.140586482,4035.992,6.822308926,4035.946,1.819655503,4035.875,25.99122047,4035.621,4.31961102,4035.936,4.425667732
4065.009,1.139676545,4065.035,5.648348329,4064.996,1.820147833,4065.027,27.2804457,4064.669,4.332639843,4064.905,5.153757368
4094.1,1.13591151,4094.058,6.744342771,4093.975,1.837305979,4094.08,26.81805429,4093.64,4.319240342,4093.968,5.717804619
4123.087,1.129329998,4123.162,6.70196173,4123.026,1.826257944,4123.063,26.92095489,4122.704,4.326464741,4122.926,4.365731829
4152.097,1.132651957,4152.147,7.586354189,4151.985,1.820813972,4152.103,29.22781742,4151.843,4.327874691,4151.992,5.976026428
4181.153,1.138353354,4181.156,6.983674477,4181.142,1.814284391,4181.069,29.05120485,4180.812,4.3359746,4181.127,6.68639533
4210.246,1.137647971,4210.223,6.449241966,4210.185,1.826880661,4210.227,27.84563634,4209.866,4.369245896,4210.1,6.036240832
4239.306,1.132055147,4239.316,6.46691734,4239.157,1.813487935,4239.278,27.78812493,4238.88,4.362852073,4239.163,5.771457007
4268.347,1.138311583,4268.369,7.459129474,4268.168,1.820495387,4268.236,28.72337541,4268.073,4.367629577,4268.177,6.165041382
4297.367,1.134062586,4297.392,8.595772125,4297.326,1.805612214,4297.253,27.6808303,4297.132,4.369750316,4297.365,6.151325711
4326.429,1.137827372,4326.436,8.137033166,4326.507,1.8137485,4326.409,29.95688372,4326.226,4.405277892,4326.428,5.657962371
4355.591,1.139263283,4355.499,7.386520553,4355.613,1.815413508,4355.588,28.25695489,4355.257,4.382631599,4355.521,7.029263298
4384.694,1.135940825,4384.647,7.508990224,4384.656,1.828516689,4384.693,26.97178062,4384.322,4.391457092,4384.547,6.363621278
4413.748,1.137259749,4413.763,8.483534814,4413.626,1.805641166,4413.737,26.71483951,4413.348,4.400684477,4413.612,6.410193758
4442.762,1.130473426,4442.809,7.944273098,4442.639,1.810650265,4442.705,28.04087597,4442.318,4.418658572,4442.642,4.902885843
4471.823,1.132643648,4471.818,7.925342326,4471.698,1.801790453,4471.717,30.18972094,4471.389,4.445064361,4471.603,6.371774395
4500.77,1.131737995,4500.884,8.332328657,4500.693,1.82702542,4500.782,28.64147567,4500.454,4.412127704,4500.679,6.516620204
4529.847,1.13200923,4529.833,8.024655584,4529.705,1.792380992,4529.776,28.87049441,4529.514,4.442828485,4529.74,6.079758663
4558.878,1.128628899,4558.907,7.950431736,4558.884,1.79644871,4558.796,27.55329193,4558.433,4.436677267,4558.806,5.665831868
4587.965,1.136040968,4587.94,9.178096801,4587.739,1.794769393,4587.954,29.06581239,4587.544,4.433277153,4587.725,6.096879648
4616.821,1.131746296,4617.033,7.371157,4616.825,1.820756095,4616.82,28.0959235,4616.586,4.44026231,4616.831,5.259025637
4645.886,1.134200338,4645.882,8.48426903,4645.857,1.78672093,4645.916,29.76138697,4645.548,4.47044626,4645.877,6.512814102
4675.055,1.132893974,4674.944,8.676335607,4674.923,1.823173847,4674.939,27.90730687,4674.665,4.466488525,4674.842,6.51816276
4704.005,1.135264636,4704.106,7.634283504,4703.917,1.806799351,4704.002,29.35889592,4703.737,4.468519556,4703.95,6.318808159
4733.09,1.136091032,4733.073,6.914301002,4733.032,1.808536622,4733.004,27.20816295,4732.773,4.483082924,4733.035,5.585558108
4762.195,1.135982491,4762.148,8.011181708,4762.041,1.800892799,4762.11,28.5483549,4761.721,4.495515585,4762.059,5.986473997
4791.239,1.140469608,4791.256,8.884823484,4791.116,1.797375165,4791.122,29.92279119,4790.791,4.50640301,4791.009,4.91866796
4820.205,1.138102875,4820.309,9.405980213,4820.098,1.805134511,4820.19,29.96271605,4819.889,4.498659785,4820.085,6.135233499
4849.275,1.138424303,4849.267,8.427703346,4849.193,1.795638061,4849.176,29.29731996,4849.069,4.506938662,4849.179,4.915467846
4878.264,1.142615306,4878.332,8.835200573,4878.35,1.792858571,4878.274,29.25782807,4878.084,4.506732704,4878.36,5.252512691
4907.39,1.13813624,4907.333,9.163578272,4907.384,1.794016765,4907.431,24.72363754,4907.094,4.518796582,4907.369,5.779713882
4936.488,1.13020219,4936.452,8.290259253,4936.449,1.782523214,4936.465,28.07246013,4936.052,4.53823627,4936.382,6.418295805
4965.548,1.13689655,4965.547,9.096251493,4965.416,1.784072131,4965.527,28.11798592,4965.114,4.541670821,4965.353,4.855605032
4994.592,1.134530018,4994.61,9.873272781,4994.419,1.777283804,4994.489,29.47182994,4994.036,4.55131536,4994.407,6.49020115
5023.578,1.142097633,5023.654,9.172676889,5023.328,1.798605613,5023.51,28.95547332,5023.016,4.553863457,5023.326,6.674528342
5052.506,1.133703671,5052.627,8.851655684,5052.35,1.791078165,5052.408,28.74041336,5052.083,4.586207548,5052.315,5.831253263
5081.444,1.134763815,5081.573,8.834158367,5081.352,1.764561508,5081.432,32.01623129,5081.081,4.581358102,5081.362,6.477191886
5110.517,1.13689655,5110.504,8.632448619,5110.383,1.801037558,5110.43,30.02742838,5110.074,4.575909993,5110.371,5.394907246
5139.466,1.131737995,5139.585,8.108942092,5139.431,1.796694632,5139.467,29.77498726,5139.108,4.572298682,5139.363,6.351196827
5168.532,1.138591249,5168.534,8.898067066,5168.392,1.798924082,5168.508,28.48902963,5168.12,4.597683161,5168.395,4.691428337
5197.574,1.139576281,5197.591,8.408027996,5197.411,1.802412907,5197.479,29.90309517,5197.131,4.587838291,5197.408,4.459673031
5226.577,1.139881107,5226.642,9.828468692,5226.425,1.799763682,5226.492,29.36223153,5226.165,4.613308882,5226.422,5.926469617
5255.6,1.139371856,5255.627,9.127276443,5255.474,1.801573165,5255.503,30.33539077,5255.177,4.628751376,5255.453,5.540039079
5284.568,1.134972515,5284.671,8.921066201,5284.45,1.788038384,5284.567,29.45189432,5284.24,4.589375573,5284.466,5.899202913
5313.635,1.132163712,5313.631,9.193709527,5313.491,1.790962358,5313.528,28.70054555,5313.316,4.593018155,5313.528,5.880384062
5342.596,1.134784692,5342.681,9.222471324,5342.597,1.760480166,5342.581,28.84641882,5342.326,4.638135721,5342.602,5.512050438
5371.783,1.140373627,5371.665,9.117090174,5371.631,1.776284969,5371.69,28.62882547,5371.331,4.609809698,5371.618,5.020290593
5400.818,1.137806487,5400.854,9.950535323,5400.682,1.797316978,5400.705,30.03749026,5400.4,4.624508411,5400.618,6.046225705
5429.788,1.138407572,5429.877,9.857893419,5429.673,1.775488797,5429.767,30.64981482,5429.478,4.640087109,5429.691,6.466863666
5458.861,1.141145925,5458.846,9.687061473,5458.863,1.782219505,5458.756,28.25508207,5458.395,4.659953959,5458.774,5.417555962
5487.955,1.135360625,5487.914,9.272630969,5487.718,1.750914176,5487.94,30.73028163,5487.405,4.66274208,5487.694,5.786901345
5516.794,1.134922452,5517.015,9.292076323,5516.731,1.760075001,5516.799,27.64344258,5516.533,4.649121239,5516.702,5.024117362
5545.892,1.139350971,5545.869,8.33052155,5545.888,1.771841447,5545.81,31.30471659,5545.595,4.662111774,5545.82,5.450015235
5574.956,1.141312871,5574.955,9.463329463,5574.878,1.783348338,5574.959,28.52163434,5574.545,4.669950277,5574.875,5.601389902
5604.053,1.140169065,5604.018,9.558710789,5603.923,1.792048048,5603.969,30.04256505,5603.574,4.664724602,5603.834,6.113563849
5633.002,1.135222865,5633.101,8.903617779,5632.861,1.765603486,5633.009,28.30873848,5632.57,4.67359665,5632.865,6.275799552
5662.048,1.143692309,5662.058,10.44388858,5661.953,1.808276057,5661.94,30.96179039,5661.631,4.696878761,5661.857,6.18592611
5691.057,1.137685466,5691.104,10.88798435,5690.913,1.774909879,5691.032,30.68564932,5690.769,4.665788675,5690.922,5.360849389
5720.086,1.13189238,5720.117,10.60742397,5720.074,1.76302735,5720.004,31.26573835,5719.739,4.680878022,5720.064,5.48894968
5749.175,1.139254982,5749.149,10.25655098,5749.113,1.763664005,5749.162,30.0637349,5748.79,4.698345683,5749.022,5.795367695
5778.205,1.138916823,5778.244,10.18906389,5778.148,1.783739312,5778.205,27.66766397,5777.76,4.688004758,5778.089,5.376562038
5807.247,1.138399271,5807.261,9.920424558,5807.127,1.774519198,5807.226,31.15031447,5806.868,4.689533733,5807.048,5.837453132
5836.293,1.129897622,5836.319,9.018622613,5836.126,1.762694539,5836.198,30.12549742,5835.977,4.686982588,5836.164,4.188411619
5865.274,1.13700927,5865.356,9.245450181,5865.293,1.780366711,5865.208,29.64771204,5864.992,4.699823237,5865.268,5.582543161
5894.458,1.138491105,5894.338,9.095653157,5894.305,1.77388226,5894.384,30.39978517,5893.953,4.713016291,5894.282,3.545141944
5923.397,1.139447008,5923.514,9.4551511,5923.308,1.774330887,5923.397,29.62269343,5922.962,4.733972739,5923.246,4.908711974
5952.44,1.137038456,5952.459,12.28455976,5952.348,1.770249386,5952.387,31.12875112,5952.005,4.732949728,5952.252,6.08980784
5981.453,1.12535739,5981.499,9.86511284,5981.298,1.773723026,5981.429,30.43201096,5981.007,4.735057823,5981.306,4.858909539
6010.487,1.132297188,6010.522,8.970939412,6010.372,1.794523253,6010.379,28.95037076,6010.02,4.759078711,6010.298,3.23902858
6039.469,1.139163148,6039.546,11.10790011,6039.374,1.760277504,6039.461,30.92600168,6039.062,4.734923709,6039.303,5.984423881
6068.539,1.135185402,6068.525,9.641229825,6068.354,1.773317701,6068.451,28.91743718,6068.096,4.756184307,6068.361,5.303260313
6097.549,1.139885253,6097.606,9.991450463,6097.383,1.749380303,6097.434,29.19204897,6097.055,4.754188944,6097.383,5.014997914
6126.564,1.134797148,6126.612,8.766178664,6126.43,1.775561176,6126.465,29.87172923,6126.087,4.76752432,6126.353,3.649526476
6155.513,1.134096048,6155.634,10.04925717,6155.471,1.75204301,6155.51,29.73883217,6155.127,4.750653857,6155.376,5.006696086
6184.573,1.133340601,6184.581,9.414660812,6184.503,1.759684278,6184.552,31.04391249,6184.036,4.763327167,6184.41,4.840731481
6213.589,1.132568545,6213.635,10.2225979,6213.305,1.763982473,6213.569,30.77729234,6213.016,4.778203969,6213.325,4.89487769
6242.502,1.137376615,6242.653,9.873589437,6242.394,1.744156219,6242.388,31.2691826,6242.075,4.766655808,6242.304,5.63791827
6271.473,1.137643696,6271.573,9.663174132,6271.361,1.758019838,6271.483,31.13554793,6271.092,4.770739369,6271.369,4.371445346
6300.543,1.13105778,6300.531,11.16697668,6300.372,1.74911987,6300.441,31.40575925,6300.195,4.791552772,6300.379,6.15981996
6329.568,1.134463264,6329.604,9.908785545,6329.56,1.752491478,6329.459,29.93579325,6329.201,4.789216125,6329.482,4.157493091
6358.656,1.12817827,6358.641,10.19006127,6358.508,1.754807048,6358.639,30.99945381,6358.213,4.785927903,6358.495,5.941469125
6387.703,1.131641982,6387.712,10.85491602,6387.605,1.771653261,6387.59,30.1741768,6387.252,4.791190712,6387.498,4.872247158
6416.706,1.132973385,6416.769,11.02179561,6416.622,1.74735425,6416.683,30.07458443,6416.332,4.804510687,6416.541,5.558712651
6445.714,1.13279801,6445.768,11.32835683,6445.583,1.75881601,6445.697,30.09055538,6445.432,4.8003845,6445.601,5.274115224
6474.761,1.135327284,6474.78,9.570401768,6474.731,1.772362411,6474.666,29.36054446,6474.443,4.813280734,6474.729,4.90118984
6503.824,1.134484125,6503.831,11.02887259,6503.734,1.735633343,6503.821,31.91110845,6503.421,4.802255873,6503.74,6.000099802
6532.921,1.126396399,6532.883,11.2532034,6532.792,1.759192215,6532.815,31.14786793,6532.423,4.803352195,6532.703,7.305623442
#6561.898,1.138273919,6561.978,163.9171946,6561.779,1.741638555,6561.875,150.1650981,-686.956,-0.733637974,6561.705,167.5330727
